ZINC19796155, 5HT2A_HUMAN, 0.9349233174
ZINC19796155, 5HT2B_HUMAN, 0.9130340879
ZINC19796155, 5HT2C_HUMAN, 0.9394696843
ZINC02572146, 5HT3C_HUMAN, 0.9021842822
ZINC02572146, 5HT3D_HUMAN, 0.9406334211
ZINC02572146, 5HT3E_HUMAN, 0.9006013172
ZINC02022527, 5HT6R_HUMAN, 0.984485521
ZINC03830569, A2RP81_CITFR, 0.9293805955
ZINC01039775, A3EZI9_9HEPC, 1.321476396
ZINC03775575, A3EZI9_9HEPC, 0.9161955015
ZINC03819138, A3EZI9_9HEPC, 1.172785743
ZINC68197809, A3EZI9_9HEPC, 0.968232391
ZINC00009064, A4_HUMAN, 1.594273231
ZINC01443667, A4_HUMAN, 0.9026771271
ZINC03814318, A4_HUMAN, 1.14015435
ZINC21288919, A4_HUMAN, 1.140443442
ZINC03872013, AA1R_BOVIN, 0.922810781
ZINC08581223, AA1R_BOVIN, 0.9024219634
ZINC18043251, AA1R_RAT, 0.9385127139
ZINC00004763, ABCG2_HUMAN, 1.058944802
ZINC00156701, ABCG2_HUMAN, 1.001648139
ZINC18710085, ABL1_HUMAN, 0.9048898401
ZINC22448983, ABL1_HUMAN, 1.087851808
ZINC23247639, ABL1_HUMAN, 0.9034702079
ZINC27439698, ABL1_HUMAN, 0.9555677327
ZINC00004413, ACES_ELEEL, 1.064392323
ZINC00367097, ACES_ELEEL, 0.9075047688
ZINC00367100, ACES_ELEEL, 0.9074932937
ZINC03995599, ACES_ELEEL, 0.9083017225
ZINC33971762, ACES_ELEEL, 1.151324433
ZINC53022004, ACES_ELEEL, 0.9698562805
ZINC00004413, ACES_HUMAN, 1.048232864
ZINC00016827, ACES_HUMAN, 1.0772588
ZINC00491073, ACES_HUMAN, 1.08973582
ZINC00597013, ACES_HUMAN, 1.055747752
ZINC00622264, ACES_HUMAN, 0.9303378757
ZINC00897251, ACES_HUMAN, 1.055751049
ZINC01893945, ACES_HUMAN, 1.045982113
ZINC19796050, ACES_HUMAN, 0.9579488038
ZINC33971762, ACES_HUMAN, 1.133765567
ZINC53022004, ACES_RAT, 0.9098286715
ZINC00004413, ACES_TORCA, 0.9437532747
ZINC01893945, ACES_TORCA, 0.9407313454
ZINC00088330, ACE_HUMAN, 0.9532630983
ZINC01655706, ACE_HUMAN, 1.309299391
ZINC02568051, ACE_HUMAN, 1.111702677
ZINC03960761, ACE_HUMAN, 0.9602911533
ZINC03978083, ACE_HUMAN, 1.232313093
ZINC03981933, ACE_HUMAN, 1.309297677
ZINC04097383, ACE_HUMAN, 1.181148775
ZINC04097404, ACE_HUMAN, 1.181133155
ZINC06020153, ACE_HUMAN, 1.346024566
ZINC13776323, ACE_HUMAN, 1.087652836
ZINC01655706, ACE_RAT, 1.151722429
ZINC02568051, ACE_RAT, 0.9778836189
ZINC03978083, ACE_RAT, 1.084004611
ZINC03981933, ACE_RAT, 1.151721688
ZINC04097383, ACE_RAT, 1.038997924
ZINC04097404, ACE_RAT, 1.038984767
ZINC06020153, ACE_RAT, 1.184167854
ZINC13776323, ACE_RAT, 0.9567029347
ZINC00967913, ACH10_RAT, 1.261811071
ZINC02565794, ACH10_RAT, 1.26226317
ZINC04474604, ACH10_RAT, 0.9485688285
ZINC00967913, ACHA2_RAT, 1.257307655
ZINC02565794, ACHA2_RAT, 1.257715124
ZINC04474604, ACHA2_RAT, 0.9447794666
ZINC00967913, ACHA3_RAT, 1.263210585
ZINC02565794, ACHA3_RAT, 1.26364324
ZINC04474604, ACHA3_RAT, 0.9494228014
ZINC00967913, ACHA4_RAT, 1.267974981
ZINC02565794, ACHA4_RAT, 1.26844677
ZINC04474604, ACHA4_RAT, 0.9531257707
ZINC00967913, ACHA5_RAT, 1.255507464
ZINC02565794, ACHA5_RAT, 1.255953916
ZINC04474604, ACHA5_RAT, 0.943154187
ZINC00967913, ACHA6_RAT, 1.250177541
ZINC02565794, ACHA6_RAT, 1.250605943
ZINC04474604, ACHA6_RAT, 0.9390459944
ZINC04098884, ACHA7_HUMAN, 0.9350123124
ZINC04098885, ACHA7_HUMAN, 0.9302228929
ZINC00005898, ACHA7_RAT, 0.9707499568
ZINC00391812, ACHA7_RAT, 1.008308155
ZINC03786099, ACHA7_RAT, 0.9690866843
ZINC04098885, ACHA7_RAT, 0.9918573324
ZINC04474604, ACHA7_RAT, 0.9555940345
ZINC13444091, ACHA7_RAT, 0.9105058047
ZINC13444094, ACHA7_RAT, 0.9105088534
ZINC13444114, ACHA7_RAT, 0.9058858509
ZINC13444117, ACHA7_RAT, 0.9058785211
ZINC13735584, ACHA7_RAT, 0.9100135091
ZINC00967913, ACHA9_RAT, 1.252373793
ZINC02565794, ACHA9_RAT, 1.252846239
ZINC00967913, ACHA_RAT, 1.254327455
ZINC02565794, ACHA_RAT, 1.254768111
ZINC04474604, ACHA_RAT, 0.9422564578
ZINC00967913, ACHB2_RAT, 1.259483906
ZINC02565794, ACHB2_RAT, 1.259853786
ZINC00967913, ACHB3_RAT, 1.253501372
ZINC02565794, ACHB3_RAT, 1.253938502
ZINC04474604, ACHB3_RAT, 0.9416237003
ZINC04474604, ACHB4_RAT, 0.932721761
ZINC00967913, ACHB_RAT, 1.256141157
ZINC02565794, ACHB_RAT, 1.256606067
ZINC04474604, ACHB_RAT, 0.9436042791
ZINC03825965, ACM1_HUMAN, 1.02331149
ZINC02022527, ACM1_RAT, 0.9548069592
ZINC03825965, ACM1_RAT, 1.010707249
ZINC22055590, ACM1_RAT, 0.924188201
ZINC03825965, ACM2_HUMAN, 1.02019887
ZINC02022527, ACM2_RAT, 0.9931559661
ZINC03825965, ACM2_RAT, 1.041785608
ZINC22055590, ACM2_RAT, 0.9626496597
ZINC53166256, ACM2_RAT, 0.9063893489
ZINC03825965, ACM3_HUMAN, 1.037274421
ZINC03825965, ACM4_HUMAN, 1.013964201
ZINC03825965, ACM5_HUMAN, 1.015856541
ZINC52956332, ADA1A_BOVIN, 0.9632482896
ZINC52956332, ADA1D_RAT, 0.9128049431
ZINC02022527, ADA2C_HUMAN, 0.9395792151
ZINC19796155, ADA2C_HUMAN, 0.9191962889
ZINC03860715, ADH1A_HUMAN, 1.762299402
ZINC03860715, ADH1B_HUMAN, 1.571475968
ZINC03860715, ADH1E_HORSE, 1.519144994
ZINC03860715, ADH1G_HUMAN, 1.39481137
ZINC03860715, ADH1S_HORSE, 1.518511786
ZINC02560264, AKT1_HUMAN, 0.9219801129
ZINC03801072, AKT1_HUMAN, 0.904308761
ZINC03812168, AKT1_HUMAN, 1.014218757
ZINC03871742, AKT1_HUMAN, 0.9043236549
ZINC00591953, AKT2_HUMAN, 1.106457275
ZINC01494900, AKT2_HUMAN, 1.033099077
ZINC01554668, AKT2_HUMAN, 0.9789737121
ZINC02560264, AKT2_HUMAN, 1.133959775
ZINC03776578, AKT2_HUMAN, 0.953565339
ZINC03783756, AKT2_HUMAN, 1.106478615
ZINC03797930, AKT2_HUMAN, 1.046920233
ZINC03801072, AKT2_HUMAN, 1.113616183
ZINC03812168, AKT2_HUMAN, 1.168298159
ZINC03816310, AKT2_HUMAN, 0.9040841048
ZINC03871640, AKT2_HUMAN, 1.033612962
ZINC03871742, AKT2_HUMAN, 1.113627021
ZINC03872984, AKT2_HUMAN, 1.005099929
ZINC03928304, AKT2_HUMAN, 0.923480371
ZINC26731846, AKT2_HUMAN, 0.9163232505
ZINC00057140, ALDR_BOVIN, 0.9554343556
ZINC00538557, ALDR_BOVIN, 1.0276568
ZINC00596737, ALDR_BOVIN, 1.042574682
ZINC01701218, ALDR_BOVIN, 1.09012308
ZINC03789766, ALDR_BOVIN, 1.129660752
ZINC05853925, ALDR_BOVIN, 0.9899604419
ZINC20593727, ALDR_BOVIN, 0.9507288274
ZINC27099199, ALDR_BOVIN, 0.9549230366
ZINC00057140, ALDR_HUMAN, 0.9350190213
ZINC01701218, ALDR_HUMAN, 1.066922727
ZINC03789766, ALDR_HUMAN, 1.10551829
ZINC20593727, ALDR_HUMAN, 0.930408292
ZINC27099199, ALDR_HUMAN, 0.9345126192
ZINC00057140, ALDR_RAT, 0.9608066963
ZINC00538211, ALDR_RAT, 1.039814046
ZINC01533688, ALDR_RAT, 1.032715935
ZINC01701218, ALDR_RAT, 1.096227436
ZINC03780343, ALDR_RAT, 1.285585542
ZINC03789766, ALDR_RAT, 1.135958861
ZINC20593727, ALDR_RAT, 0.9560883456
ZINC27099199, ALDR_RAT, 0.9602867698
ZINC01493878, ALK_HUMAN, 0.9858130949
ZINC16697102, ALK_HUMAN, 0.9731219744
ZINC18710085, ALK_HUMAN, 0.9513557748
ZINC18825334, ALK_HUMAN, 1.033031036
ZINC21982951, ALK_HUMAN, 1.013924185
ZINC24044436, ALK_HUMAN, 1.02642698
ZINC27439698, ALK_HUMAN, 0.9788986097
ZINC00897244, AMPC_ECOLI, 0.9107085894
ZINC17611186, AMPC_ECOLI, 1.117066273
ZINC03830569, AMPC_ENTCL, 0.9669272278
ZINC00643046, AMPM_ECOLI, 1.937618203
ZINC01085959, AMPM_ECOLI, 1.078869679
ZINC01268606, AMPM_ECOLI, 1.075987231
ZINC01490579, AMPM_ECOLI, 1.815903682
ZINC01491100, AMPM_ECOLI, 0.9078136027
ZINC02557949, AMPM_ECOLI, 1.072791802
ZINC02746753, AMPM_ECOLI, 1.078963827
ZINC03963610, AMPM_ECOLI, 1.494181571
ZINC03993855, AMPM_ECOLI, 1.415494632
ZINC04116964, AMPM_ECOLI, 1.081852432
ZINC04199922, AMPM_ECOLI, 1.158546878
ZINC05447786, AMPM_ECOLI, 1.07600706
ZINC05770091, AMPM_ECOLI, 0.9879439935
ZINC08379230, AMPM_ECOLI, 0.9455914925
ZINC08448503, AMPM_ECOLI, 1.078449372
ZINC08855176, AMPM_ECOLI, 1.279769316
ZINC14806781, AMPM_ECOLI, 0.9707744339
ZINC14953365, AMPM_ECOLI, 1.634504558
ZINC14955547, AMPM_ECOLI, 0.9441269863
ZINC18324776, AMPM_ECOLI, 1.42067889
ZINC19796168, AMPM_ECOLI, 1.699604642
ZINC19851562, AMPM_ECOLI, 1.078844274
ZINC21981375, AMPM_ECOLI, 1.103258115
ZINC28357928, AMPM_ECOLI, 1.082189487
ZINC29488267, AMPM_ECOLI, 1.129520331
ZINC01539579, ANDR_HUMAN, 0.9591813384
ZINC01550770, ANDR_HUMAN, 0.9021570106
ZINC01892655, ANDR_HUMAN, 0.9021391659
ZINC03873121, ANDR_HUMAN, 1.182927513
ZINC12358651, ANDR_HUMAN, 1.055714403
ZINC12661824, ANDR_HUMAN, 1.035156396
ZINC13522253, ANDR_HUMAN, 1.184509665
ZINC21992287, ANDR_HUMAN, 0.9070273128
ZINC03931585, AOFA_BOVIN, 0.942434492
ZINC13473901, AOFA_BOVIN, 0.9135181911
ZINC13523046, AOFA_BOVIN, 0.9563435281
ZINC26396245, AOFA_BOVIN, 0.9201529071
ZINC03931585, AOFA_HUMAN, 0.937486882
ZINC13473901, AOFA_HUMAN, 0.9086656851
ZINC13523046, AOFA_HUMAN, 0.951201729
ZINC26396245, AOFA_HUMAN, 0.9152769362
ZINC00013748, AOFA_RAT, 0.9276394967
ZINC00900630, AOFA_RAT, 0.9276073832
ZINC03931585, AOFB_BOVIN, 0.9344306824
ZINC13473901, AOFB_BOVIN, 0.9057599266
ZINC13523046, AOFB_BOVIN, 0.9482214557
ZINC26396245, AOFB_BOVIN, 0.912338235
ZINC03931585, AOFB_HUMAN, 0.9579505479
ZINC13473901, AOFB_HUMAN, 0.9285581733
ZINC13523046, AOFB_HUMAN, 0.9720886388
ZINC14948119, AOFB_HUMAN, 0.9028510719
ZINC26396245, AOFB_HUMAN, 0.9353021667
ZINC00013748, AOFB_RAT, 0.9235876545
ZINC00900630, AOFB_RAT, 0.9235604223
ZINC00179593, APEX1_HUMAN, 0.9261914941
ZINC00341556, APEX1_HUMAN, 0.9250689963
ZINC01490484, APEX1_HUMAN, 0.9215345983
ZINC03930111, APEX1_HUMAN, 0.945436457
ZINC05774261, APEX1_HUMAN, 0.9268235768
ZINC13576034, APEX1_HUMAN, 0.9335833825
ZINC13704662, APEX1_HUMAN, 0.9454283909
ZINC17029224, APEX1_HUMAN, 0.9416877174
ZINC29126828, APEX1_HUMAN, 0.9334836144
ZINC29127489, APEX1_HUMAN, 0.9410429701
ZINC03802462, ATP4A_HUMAN, 1.007380601
ZINC03875959, ATP4A_HUMAN, 1.220319191
ZINC03897189, ATP4A_HUMAN, 1.166279553
ZINC03897190, ATP4A_HUMAN, 1.166319282
ZINC03897191, ATP4A_HUMAN, 1.166339732
ZINC03897192, ATP4A_HUMAN, 1.166320958
ZINC03802462, ATP4A_PIG, 0.986782286
ZINC03875959, ATP4A_PIG, 1.195395346
ZINC03897189, ATP4A_PIG, 1.142460523
ZINC03897190, ATP4A_PIG, 1.142499027
ZINC03897191, ATP4A_PIG, 1.142523922
ZINC03897192, ATP4A_PIG, 1.142502159
ZINC03802462, ATP4B_HUMAN, 1.092189222
ZINC03875959, ATP4B_HUMAN, 1.323295344
ZINC03897189, ATP4B_HUMAN, 1.26470615
ZINC03897190, ATP4B_HUMAN, 1.264733264
ZINC03897191, ATP4B_HUMAN, 1.264753072
ZINC03897192, ATP4B_HUMAN, 1.264736568
ZINC03802462, ATP4B_PIG, 0.9956739894
ZINC03875959, ATP4B_PIG, 1.206414727
ZINC03897189, ATP4B_PIG, 1.153005366
ZINC03897190, ATP4B_PIG, 1.15302705
ZINC03897191, ATP4B_PIG, 1.153051798
ZINC03897192, ATP4B_PIG, 1.153032235
ZINC03820040, AURKA_HUMAN, 0.9553900612
ZINC03964325, AURKA_HUMAN, 0.9306051399
ZINC18825339, AURKA_HUMAN, 0.901019021
ZINC23247639, AURKA_HUMAN, 1.029214935
ZINC00602803, AURKB_HUMAN, 0.9070430413
ZINC23247639, AURKB_HUMAN, 1.038347727
ZINC01039775, BACE1_HUMAN, 1.189114264
ZINC03819138, BACE1_HUMAN, 1.055315427
ZINC03860715, BACE1_HUMAN, 1.71358147
ZINC03938688, BLK_HUMAN, 0.9095875942
ZINC03814434, BRAF_HUMAN, 0.9189724987
ZINC00643143, C11B1_HUMAN, 1.107464253
ZINC45259223, C11B1_HUMAN, 1.140778138
ZINC00643138, C11B2_HUMAN, 1.243226312
ZINC00643143, C11B2_HUMAN, 1.119619153
ZINC45259223, C11B2_HUMAN, 1.15332514
ZINC03875041, CA2D1_HUMAN, 0.936536894
ZINC13779555, CA2D1_HUMAN, 0.9100349402
ZINC25995959, CA2D1_HUMAN, 1.271616269
ZINC25999184, CA2D1_HUMAN, 1.27166096
ZINC00007382, CA2D1_MOUSE, 0.9390926659
ZINC00336490, CA2D1_MOUSE, 0.9708763928
ZINC00538633, CA2D1_MOUSE, 0.9320323922
ZINC01491952, CA2D1_MOUSE, 0.9079834555
ZINC02010759, CA2D1_MOUSE, 0.9178629153
ZINC03982657, CA2D1_MOUSE, 0.9242187399
ZINC04141357, CA2D1_MOUSE, 0.9173158952
ZINC05165145, CA2D1_MOUSE, 0.9141451189
ZINC13488071, CA2D1_MOUSE, 0.9329969362
ZINC13777635, CA2D1_MOUSE, 0.9026591503
ZINC13777644, CA2D1_MOUSE, 0.9055510275
ZINC24433941, CA2D1_MOUSE, 0.9044742884
ZINC26819872, CA2D1_MOUSE, 1.041815228
ZINC26819877, CA2D1_MOUSE, 1.041818274
ZINC26973597, CA2D1_MOUSE, 1.04181332
ZINC26973607, CA2D1_MOUSE, 1.041821816
ZINC28363953, CA2D1_MOUSE, 0.9043348077
ZINC03875041, CA2D2_HUMAN, 0.959950489
ZINC13779555, CA2D2_HUMAN, 0.9199921072
ZINC25995959, CA2D2_HUMAN, 1.303444536
ZINC25999184, CA2D2_HUMAN, 1.303490096
ZINC25995959, CA2D3_HUMAN, 1.06935088
ZINC25999184, CA2D3_HUMAN, 1.069388518
ZINC25995959, CA2D4_HUMAN, 1.081191344
ZINC25999184, CA2D4_HUMAN, 1.081229534
ZINC00591993, CAC1C_RAT, 0.9267905903
ZINC19361055, CAC1C_RAT, 1.249041807
ZINC19632706, CAC1C_RAT, 0.9268103438
ZINC25760037, CAC1C_RAT, 1.093257818
ZINC19361055, CAC1D_RAT, 1.188003794
ZINC25760037, CAC1D_RAT, 1.006414654
ZINC01532734, CAH12_HUMAN, 0.9560386972
ZINC01549366, CAH12_HUMAN, 0.9938702013
ZINC01530783, CAH13_MOUSE, 0.9252833854
ZINC02570895, CAH13_MOUSE, 0.9355029941
ZINC16969869, CAH13_MOUSE, 0.9875777958
ZINC01031283, CAH15_MOUSE, 0.9019781951
ZINC29253676, CAH15_MOUSE, 0.9043260648
ZINC00006787, CAH1_HUMAN, 0.9008946581
ZINC01532734, CAH1_HUMAN, 1.011588649
ZINC01549366, CAH1_HUMAN, 1.04975843
ZINC01700217, CAH1_HUMAN, 0.9280539173
ZINC03813042, CAH1_HUMAN, 0.973057146
ZINC04654875, CAH1_HUMAN, 0.9317313572
ZINC06716957, CAH1_HUMAN, 0.9176064911
ZINC19365690, CAH1_HUMAN, 0.9416625122
ZINC00006787, CAH2_HUMAN, 0.9031137775
ZINC00156386, CAH2_HUMAN, 0.9054846558
ZINC01532734, CAH2_HUMAN, 0.9959056022
ZINC01549366, CAH2_HUMAN, 1.034872688
ZINC01700217, CAH2_HUMAN, 0.9253447048
ZINC03813042, CAH2_HUMAN, 0.9739674358
ZINC04654875, CAH2_HUMAN, 0.9240834041
ZINC06716957, CAH2_HUMAN, 0.9115857285
ZINC19365690, CAH2_HUMAN, 0.9384830952
ZINC00896918, CAH3_HUMAN, 0.9528958631
ZINC01530804, CAH3_HUMAN, 1.014023949
ZINC02570895, CAH3_HUMAN, 0.9271189988
ZINC16969869, CAH3_HUMAN, 0.925503748
ZINC00006787, CAH4_BOVIN, 0.9334322687
ZINC00020253, CAH4_BOVIN, 1.021607942
ZINC00057255, CAH4_BOVIN, 1.002825544
ZINC00156386, CAH4_BOVIN, 0.9831580303
ZINC00481325, CAH4_BOVIN, 1.001543927
ZINC00897234, CAH4_BOVIN, 1.147447517
ZINC00897236, CAH4_BOVIN, 1.163256613
ZINC01532612, CAH4_BOVIN, 0.9328956855
ZINC01532734, CAH4_BOVIN, 1.179426703
ZINC01549366, CAH4_BOVIN, 1.206223694
ZINC01700217, CAH4_BOVIN, 0.9287283258
ZINC04654875, CAH4_BOVIN, 0.9973771468
ZINC06716957, CAH4_BOVIN, 0.9624757147
ZINC18274777, CAH4_BOVIN, 0.9029496708
ZINC19365690, CAH4_BOVIN, 0.9476146321
ZINC39054028, CAH4_BOVIN, 0.9710255446
ZINC29253676, CAH5A_HUMAN, 0.9083877973
ZINC16969869, CAH5A_MOUSE, 0.9164248436
ZINC29253676, CAH5B_HUMAN, 0.9081658033
ZINC16969869, CAH5B_MOUSE, 0.9230145474
ZINC01532734, CAH9_HUMAN, 1.043340523
ZINC01549366, CAH9_HUMAN, 1.07115169
ZINC03813042, CAH9_HUMAN, 1.10465011
ZINC04654875, CAH9_HUMAN, 0.913564166
ZINC03953037, CAH_METTE, 0.9118773818
ZINC00002101, CAN_YEAST, 0.903381741
ZINC13683289, CASP1_HUMAN, 0.9354486398
ZINC01533679, CASP3_HUMAN, 1.003281121
ZINC08022586, CASP3_HUMAN, 0.9918492416
ZINC36330844, CASP3_HUMAN, 0.9420658065
ZINC36379291, CATB_HUMAN, 0.9933424126
ZINC04095645, CATK_HUMAN, 1.025626925
ZINC04475165, CATK_HUMAN, 1.025628321
ZINC03924157, CCNA1_HUMAN, 0.9183434369
ZINC02047389, CCNA2_HUMAN, 0.9092177911
ZINC03924157, CCNA2_HUMAN, 1.038596811
ZINC13763987, CCNA2_HUMAN, 0.9675153795
ZINC40442496, CCNB2_HUMAN, 0.9163581986
ZINC03816409, CCNH_HUMAN, 1.43362086
ZINC04793192, CCNH_HUMAN, 1.13189878
ZINC05932684, CCNH_HUMAN, 1.22189048
ZINC12501080, CCNH_HUMAN, 1.221870029
ZINC03816409, CCNT1_HUMAN, 1.426683417
ZINC04793192, CCNT1_HUMAN, 0.956508497
ZINC05932684, CCNT1_HUMAN, 1.047417043
ZINC12501080, CCNT1_HUMAN, 1.047844795
ZINC21288966, CCNT1_HUMAN, 1.076127618
ZINC03816409, CDK1_HUMAN, 0.9252448429
ZINC03964325, CDK1_HUMAN, 0.9067255399
ZINC03964325, CDK2_HUMAN, 0.9687805227
ZINC21288966, CDK2_HUMAN, 1.112363931
ZINC23247639, CDK2_HUMAN, 0.920385129
ZINC03964325, CDK5_HUMAN, 0.9128163222
ZINC00033882, CFTR_HUMAN, 1.278585813
ZINC01572556, CFTR_HUMAN, 1.226727167
ZINC01996374, CFTR_HUMAN, 1.276614455
ZINC02017838, CFTR_HUMAN, 0.9421061297
ZINC02020083, CFTR_HUMAN, 1.622762114
ZINC02516058, CFTR_HUMAN, 1.101228614
ZINC02539831, CFTR_HUMAN, 1.101263176
ZINC05188392, CFTR_HUMAN, 1.033003657
ZINC08214635, CFTR_HUMAN, 1.330427356
ZINC08581203, CFTR_HUMAN, 0.9318936317
ZINC13675869, CFTR_HUMAN, 1.155816243
ZINC13675870, CFTR_HUMAN, 1.19674705
ZINC13739903, CFTR_HUMAN, 1.15842768
ZINC13739904, CFTR_HUMAN, 1.155683713
ZINC19203912, CFTR_HUMAN, 0.9733034521
ZINC25758070, CFTR_HUMAN, 1.074157253
ZINC25758512, CFTR_HUMAN, 0.9382161163
ZINC02560264, CHK1_HUMAN, 0.9155738395
ZINC03938688, CHK1_HUMAN, 0.9333829872
ZINC00004413, CHLE_HUMAN, 1.012720005
ZINC00491073, CHLE_HUMAN, 1.051548865
ZINC19796050, CHLE_HUMAN, 0.924428856
ZINC21288966, CLK4_HUMAN, 0.9405552401
ZINC00643138, CP17A_HUMAN, 1.278916598
ZINC45259223, CP17A_HUMAN, 1.139605391
ZINC00643138, CP19A_HUMAN, 1.307200105
ZINC00643143, CP19A_HUMAN, 1.177195775
ZINC13684515, CP19A_HUMAN, 0.925159865
ZINC45259223, CP19A_HUMAN, 1.212900928
ZINC17611186, CP51A_HUMAN, 0.9451761598
ZINC17611186, CP51_MYCTU, 1.416757849
ZINC36175852, CP51_MYCTU, 0.9750541201
ZINC18825334, CSF1R_HUMAN, 1.0945641
ZINC22448983, CSF1R_HUMAN, 1.076276274
ZINC27439698, CSF1R_HUMAN, 1.043491039
ZINC28950516, CSF1R_HUMAN, 0.9217526347
ZINC72105034, CSF1R_HUMAN, 1.015266314
ZINC00598970, CSK2B_HUMAN, 1.010402818
ZINC02563947, CSK2B_HUMAN, 1.01056767
ZINC03872446, CSK2B_HUMAN, 0.9990760765
ZINC03820040, CTRO_HUMAN, 1.016220192
ZINC03938688, CTRO_HUMAN, 0.9789568637
ZINC21982951, CTRO_HUMAN, 0.9514915703
ZINC00002119, CYNT_HELPY, 0.9496469467
ZINC00006694, CYNT_HELPY, 0.9717593293
ZINC02560357, CYNT_HELPY, 0.9094884496
ZINC01530846, CYSP_TRYCR, 1.102488436
ZINC01676633, CYSP_TRYCR, 0.9003540418
ZINC03954923, CYSP_TRYCR, 1.282697876
ZINC03992480, CYSP_TRYCR, 1.25035652
ZINC03993799, CYSP_TRYCR, 1.282884281
ZINC04095645, CYSP_TRYCR, 1.306008168
ZINC04097409, CYSP_TRYCR, 1.10232597
ZINC04475165, CYSP_TRYCR, 1.306007137
ZINC13676539, CYSP_TRYCR, 1.106423886
ZINC13676543, CYSP_TRYCR, 1.104902829
ZINC13676558, CYSP_TRYCR, 0.9071794425
ZINC14210455, CYSP_TRYCR, 1.264435238
ZINC14210457, CYSP_TRYCR, 1.235053749
ZINC34635639, CYSP_TRYCR, 1.116274067
ZINC42893657, CYSP_TRYCR, 1.357754911
ZINC43075785, CYSP_TRYCR, 1.217115424
ZINC43202870, CYSP_TRYCR, 1.151022212
ZINC00602803, DDR1_HUMAN, 0.9452765646
ZINC03938688, DDR1_HUMAN, 0.9325346763
ZINC03805768, DHB3_HUMAN, 1.011188901
ZINC00016154, DHI1_HUMAN, 0.9965410304
ZINC00146703, DHI1_HUMAN, 0.9759171102
ZINC00146714, DHI1_HUMAN, 0.9072012454
ZINC01030814, DHI1_HUMAN, 0.9796465158
ZINC03995918, DHI1_HUMAN, 1.203766751
ZINC04654913, DHI1_HUMAN, 1.203757618
ZINC07999092, DHI1_HUMAN, 1.067252347
ZINC40955326, DHI1_HUMAN, 1.086792294
ZINC00016154, DHI1_MOUSE, 1.078670831
ZINC00146703, DHI1_MOUSE, 1.05632392
ZINC00146714, DHI1_MOUSE, 0.98191728
ZINC01030814, DHI1_MOUSE, 1.060290331
ZINC03995918, DHI1_MOUSE, 1.302574171
ZINC04654913, DHI1_MOUSE, 1.302548505
ZINC07999092, DHI1_MOUSE, 1.155116744
ZINC01543773, DPOLB_RAT, 1.181382952
ZINC52956332, DRD1_RAT, 0.9446330544
ZINC52956332, DRD4_HUMAN, 0.9398846425
ZINC52956332, DRD4_RAT, 0.983670749
ZINC52956332, DRD5_RAT, 0.9719787279
ZINC00000640, DRTS_PLAFK, 1.29965071
ZINC00598590, DRTS_PLAFK, 1.005981834
ZINC00598852, DRTS_PLAFK, 1.351159636
ZINC01529323, DRTS_PLAFK, 1.287186791
ZINC01540998, DRTS_PLAFK, 1.140246738
ZINC01574819, DRTS_PLAFK, 0.9309811463
ZINC01618702, DRTS_PLAFK, 0.9106687213
ZINC03777839, DRTS_PLAFK, 0.9990205073
ZINC03814891, DRTS_PLAFK, 0.939866379
ZINC03831317, DRTS_PLAFK, 1.000105985
ZINC05386873, DRTS_PLAFK, 0.9292962461
ZINC05974593, DRTS_PLAFK, 0.9398490708
ZINC06920406, DRTS_PLAFK, 1.287187378
ZINC13220172, DRTS_PLAFK, 0.9106298312
ZINC18279672, DRTS_PLAFK, 1.079077763
ZINC38322605, DRTS_PLAFK, 1.0146096
ZINC03816409, DYR1A_HUMAN, 1.120230081
ZINC05932684, DYR1A_HUMAN, 0.9024896845
ZINC12501080, DYR1A_HUMAN, 0.9023943092
ZINC21288966, DYR1A_HUMAN, 0.9102138886
ZINC03831317, DYR_HUMAN, 0.9470382782
ZINC18279672, DYR_HUMAN, 1.022052323
ZINC01039775, EAA1_HUMAN, 1.141769036
ZINC03819138, EAA1_HUMAN, 1.013297203
ZINC71318831, EAA1_HUMAN, 0.903938586
ZINC00005543, EBP_HUMAN, 1.020506978
ZINC00895129, EBP_HUMAN, 1.02167336
ZINC05420970, EBP_HUMAN, 1.19609121
ZINC13514984, EBP_HUMAN, 1.103593006
ZINC13798500, EBP_HUMAN, 1.016125618
ZINC14977914, EBP_HUMAN, 1.016771353
ZINC16958226, EBP_HUMAN, 1.014460081
ZINC21290085, EBP_HUMAN, 1.016228361
ZINC36382102, EBP_HUMAN, 0.9440900739
ZINC36382580, EBP_HUMAN, 0.9464472423
ZINC58563818, EBP_HUMAN, 0.9471832322
ZINC72118726, EBP_HUMAN, 0.9239450144
ZINC01493878, EGFR_HUMAN, 1.009460293
ZINC03834198, EGFR_HUMAN, 0.9940996245
ZINC06718813, EGFR_HUMAN, 0.9166823126
ZINC11617039, EGFR_HUMAN, 0.9122121582
ZINC13493055, EGFR_HUMAN, 0.9610653156
ZINC16697102, EGFR_HUMAN, 0.955729802
ZINC18710082, EGFR_HUMAN, 0.9261525277
ZINC18710085, EGFR_HUMAN, 0.982376197
ZINC18825334, EGFR_HUMAN, 1.028197485
ZINC22448983, EGFR_HUMAN, 1.05470026
ZINC23247639, EGFR_HUMAN, 0.9122313962
ZINC27439698, EGFR_HUMAN, 0.9969289906
ZINC28950516, EGFR_HUMAN, 0.9014731294
ZINC72105034, EGFR_HUMAN, 0.9546168285
ZINC00001763, ELNE_HUMAN, 1.122913521
ZINC01910616, ELNE_HUMAN, 0.9971911014
ZINC02003646, ELNE_HUMAN, 1.024423882
ZINC02006270, ELNE_HUMAN, 1.017727493
ZINC03777328, ELNE_HUMAN, 0.9489037295
ZINC03778392, ELNE_HUMAN, 1.081463381
ZINC03807246, ELNE_HUMAN, 1.342409073
ZINC03936607, ELNE_HUMAN, 1.100099805
ZINC13800223, ELNE_HUMAN, 1.009934675
ZINC00538544, ENPP2_HUMAN, 0.911375707
ZINC03805768, ENPP2_HUMAN, 1.102584468
ZINC39326742, ENPP2_HUMAN, 0.9371943535
ZINC03820040, EPHA6_HUMAN, 0.9479950944
ZINC03938688, EPHA6_HUMAN, 0.9142038967
ZINC21982951, EPHA6_HUMAN, 0.9524285485
ZINC01493878, ERBB2_HUMAN, 0.95086556
ZINC06718813, ERBB2_HUMAN, 0.9094744125
ZINC11617039, ERBB2_HUMAN, 0.9061644165
ZINC18710082, ERBB2_HUMAN, 0.9495055973
ZINC18710085, ERBB2_HUMAN, 0.9916126244
ZINC18825334, ERBB2_HUMAN, 1.022575704
ZINC22448983, ERBB2_HUMAN, 1.01474996
ZINC24044436, ERBB2_HUMAN, 1.017523322
ZINC72105034, ERBB2_HUMAN, 0.9923553935
ZINC00005543, ERG2_YEAST, 0.9963728885
ZINC00598622, ERG2_YEAST, 0.9239334787
ZINC00895129, ERG2_YEAST, 0.9975121397
ZINC05420970, ERG2_YEAST, 1.167798514
ZINC13514984, ERG2_YEAST, 1.077506569
ZINC13798500, ERG2_YEAST, 0.9921189285
ZINC14977914, ERG2_YEAST, 0.992733992
ZINC16958226, ERG2_YEAST, 0.9904735828
ZINC21290085, ERG2_YEAST, 0.9922155913
ZINC36382102, ERG2_YEAST, 0.9217063727
ZINC36382580, ERG2_YEAST, 0.9239985183
ZINC58563818, ERG2_YEAST, 0.9247257332
ZINC72118726, ERG2_YEAST, 0.9020154526
ZINC01539579, ESR1_HUMAN, 1.035416262
ZINC01549989, ESR1_HUMAN, 0.9336163691
ZINC01550770, ESR1_HUMAN, 0.9738333856
ZINC01892655, ESR1_HUMAN, 0.9738256581
ZINC03873121, ESR1_HUMAN, 1.276919683
ZINC03995991, ESR1_HUMAN, 0.9430171078
ZINC12358651, ESR1_HUMAN, 1.13950581
ZINC12661824, ESR1_HUMAN, 1.117242122
ZINC13522253, ESR1_HUMAN, 1.278664478
ZINC21992287, ESR1_HUMAN, 0.9790164984
ZINC01539579, ESR2_HUMAN, 1.053170132
ZINC01549989, ESR2_HUMAN, 0.9496152214
ZINC01550770, ESR2_HUMAN, 0.9905474941
ZINC01892655, ESR2_HUMAN, 0.9905425197
ZINC03873121, ESR2_HUMAN, 1.298828707
ZINC03995991, ESR2_HUMAN, 0.9591656482
ZINC12358651, ESR2_HUMAN, 1.158929137
ZINC12661824, ESR2_HUMAN, 1.136325068
ZINC13522253, ESR2_HUMAN, 1.300634112
ZINC13775912, ESR2_HUMAN, 0.9130450077
ZINC21992287, ESR2_HUMAN, 0.9957683106
ZINC01530625, EST1_HUMAN, 0.9125934891
ZINC01540228, EST1_HUMAN, 0.9264779115
ZINC13476371, EST1_HUMAN, 0.9219203464
ZINC13672830, EST1_HUMAN, 0.9137184667
ZINC25783468, EST1_HUMAN, 1.098565826
ZINC25783468, EST1_RABIT, 1.012789544
ZINC01540228, EST2_HUMAN, 0.9114878044
ZINC13476371, EST2_HUMAN, 0.9069969684
ZINC25783468, EST2_HUMAN, 1.080781505
ZINC00001763, FA10_HUMAN, 1.02759189
ZINC03778392, FA10_HUMAN, 0.9896196847
ZINC03807246, FA10_HUMAN, 1.228390422
ZINC05751469, FA10_HUMAN, 0.9470432674
ZINC01530487, FAAH1_HUMAN, 0.9016435301
ZINC02037153, FAAH1_HUMAN, 0.9372237247
ZINC36294563, FAAH1_HUMAN, 0.9329771908
ZINC36294566, FAAH1_HUMAN, 0.9309128037
ZINC44387581, FAAH1_HUMAN, 0.9523644669
ZINC44387584, FAAH1_HUMAN, 0.9523754168
ZINC49771282, FAAH1_HUMAN, 1.201679424
ZINC02037153, FAAH1_RAT, 0.9200951791
ZINC36294563, FAAH1_RAT, 0.9139073752
ZINC36294566, FAAH1_RAT, 0.9107159465
ZINC43202741, FAAH1_RAT, 1.125568751
ZINC44387581, FAAH1_RAT, 0.9306099396
ZINC44387584, FAAH1_RAT, 0.9306189759
ZINC49771282, FAAH1_RAT, 1.221514327
ZINC24809155, FABP4_HUMAN, 1.046421596
ZINC53070632, FABP4_HUMAN, 0.9623204838
ZINC00007460, FGFR1_HUMAN, 0.9004311449
ZINC00602803, FGFR1_HUMAN, 0.9341400968
ZINC03820040, FGFR1_HUMAN, 0.9993806398
ZINC03966243, FGFR1_HUMAN, 0.9096289932
ZINC06718813, FGFR1_HUMAN, 1.037432605
ZINC13493055, FGFR1_HUMAN, 1.001451277
ZINC16697102, FGFR1_HUMAN, 1.092924929
ZINC18710082, FGFR1_HUMAN, 1.067190356
ZINC18710085, FGFR1_HUMAN, 1.108866558
ZINC22448983, FGFR1_HUMAN, 1.153395575
ZINC23247639, FGFR1_HUMAN, 1.027602525
ZINC27439698, FGFR1_HUMAN, 1.070837518
ZINC28950516, FGFR1_HUMAN, 1.001896351
ZINC55760827, FGFR1_HUMAN, 0.9266400158
ZINC24044436, FGFR2_HUMAN, 0.9304441411
ZINC23247639, FGFR3_HUMAN, 0.9190594782
ZINC03834198, FLT3_HUMAN, 0.9913216469
ZINC06718813, FLT3_HUMAN, 0.9632260667
ZINC11617039, FLT3_HUMAN, 0.9154676295
ZINC13493055, FLT3_HUMAN, 0.9337111737
ZINC18710082, FLT3_HUMAN, 0.9981166001
ZINC18710085, FLT3_HUMAN, 1.030034491
ZINC18825334, FLT3_HUMAN, 1.072585226
ZINC22448983, FLT3_HUMAN, 1.064469072
ZINC23247639, FLT3_HUMAN, 0.9355798701
ZINC27439698, FLT3_HUMAN, 0.9860469242
ZINC28950516, FLT3_HUMAN, 0.9328798423
ZINC00119305, FNTA_HUMAN, 1.052418852
ZINC03831417, FNTA_HUMAN, 0.9857699544
ZINC03871023, FNTA_HUMAN, 0.9405514155
ZINC00119305, FNTB_HUMAN, 0.9516102061
ZINC00291740, FOLH1_HUMAN, 1.053103958
ZINC00291743, FOLH1_HUMAN, 1.053006921
ZINC00411881, FOLH1_HUMAN, 1.188077296
ZINC01372365, FOLH1_HUMAN, 1.031791459
ZINC04188704, FOLH1_HUMAN, 1.031832829
ZINC16051731, FOLH1_HUMAN, 1.202681828
ZINC28897513, FOLH1_HUMAN, 1.202682574
ZINC28897535, FOLH1_HUMAN, 1.062220747
ZINC28897540, FOLH1_HUMAN, 1.062217394
ZINC00537805, FUCO_HUMAN, 0.9851993959
ZINC01493878, FYN_HUMAN, 0.9163924458
ZINC03938688, FYN_HUMAN, 0.9562985882
ZINC24044436, FYN_HUMAN, 0.910293763
ZINC13742898, GABR1_RAT, 0.9118932179
ZINC13742899, GABR1_RAT, 0.9118989226
ZINC13742902, GABR1_RAT, 0.9106733726
ZINC13742903, GABR1_RAT, 0.9105948174
ZINC13742906, GABR1_RAT, 0.9117606948
ZINC13742907, GABR1_RAT, 0.9117621436
ZINC13742922, GABR1_RAT, 0.9107265397
ZINC13742923, GABR1_RAT, 0.9106837053
ZINC13742933, GABR1_RAT, 0.9119030157
ZINC13742935, GABR1_RAT, 0.9119027398
ZINC03794714, GBA2_HUMAN, 0.9294123827
ZINC00004220, GBRA1_BOVIN, 1.028681933
ZINC01043853, GBRA1_BOVIN, 1.134967542
ZINC01249069, GBRA1_BOVIN, 0.9207094471
ZINC01255325, GBRA1_BOVIN, 0.9287933709
ZINC01532157, GBRA1_BOVIN, 0.9526301392
ZINC02568376, GBRA1_BOVIN, 0.9061539991
ZINC02602006, GBRA1_BOVIN, 0.9179326433
ZINC03872568, GBRA1_BOVIN, 0.9524942744
ZINC09227024, GBRA1_BOVIN, 0.9944178652
ZINC12428918, GBRA1_BOVIN, 0.9352692223
ZINC22064260, GBRA1_BOVIN, 0.9523675199
ZINC28770773, GBRA1_BOVIN, 0.9344237771
ZINC29205507, GBRA1_BOVIN, 0.9344561678
ZINC00025301, GBRA1_HUMAN, 1.06262544
ZINC01249069, GBRA1_HUMAN, 0.9487697686
ZINC03813003, GBRA1_HUMAN, 0.9758587353
ZINC09227024, GBRA1_HUMAN, 1.024021179
ZINC13863224, GBRA1_HUMAN, 0.9290454123
ZINC00004220, GBRA2_BOVIN, 1.027422704
ZINC01043853, GBRA2_BOVIN, 1.133706036
ZINC01249069, GBRA2_BOVIN, 0.9196835406
ZINC01255325, GBRA2_BOVIN, 0.9274526691
ZINC01532157, GBRA2_BOVIN, 0.9512370139
ZINC02568376, GBRA2_BOVIN, 0.9048316738
ZINC02602006, GBRA2_BOVIN, 0.9165787909
ZINC03872568, GBRA2_BOVIN, 0.9511065434
ZINC09227024, GBRA2_BOVIN, 0.9931848476
ZINC12428918, GBRA2_BOVIN, 0.9338915514
ZINC22064260, GBRA2_BOVIN, 0.9509731307
ZINC28770773, GBRA2_BOVIN, 0.9330506645
ZINC29205507, GBRA2_BOVIN, 0.9330816317
ZINC00001464, GBRA2_HUMAN, 1.048812253
ZINC00004220, GBRA2_HUMAN, 1.069154562
ZINC00025301, GBRA2_HUMAN, 1.072227998
ZINC01249069, GBRA2_HUMAN, 0.9571645536
ZINC03813003, GBRA2_HUMAN, 0.984438829
ZINC09227024, GBRA2_HUMAN, 1.033326639
ZINC13863224, GBRA2_HUMAN, 0.9372327264
ZINC00004220, GBRA3_BOVIN, 1.033823349
ZINC01043853, GBRA3_BOVIN, 1.140107388
ZINC01249069, GBRA3_BOVIN, 0.9249399586
ZINC01255325, GBRA3_BOVIN, 0.9343881658
ZINC01532157, GBRA3_BOVIN, 0.9584517921
ZINC02568376, GBRA3_BOVIN, 0.9116825986
ZINC02602006, GBRA3_BOVIN, 0.9235872156
ZINC03872568, GBRA3_BOVIN, 0.9582903781
ZINC09227024, GBRA3_BOVIN, 0.9994820773
ZINC12428918, GBRA3_BOVIN, 0.9410259034
ZINC22064260, GBRA3_BOVIN, 0.9581911428
ZINC28770773, GBRA3_BOVIN, 0.9401570683
ZINC29205507, GBRA3_BOVIN, 0.9401956424
ZINC00025301, GBRA3_HUMAN, 1.070130782
ZINC01249069, GBRA3_HUMAN, 0.9546895109
ZINC03813003, GBRA3_HUMAN, 0.9840728919
ZINC09227024, GBRA3_HUMAN, 1.031109866
ZINC13863224, GBRA3_HUMAN, 0.9369068386
ZINC00004220, GBRA4_BOVIN, 1.042794729
ZINC01043853, GBRA4_BOVIN, 1.148709005
ZINC01249069, GBRA4_BOVIN, 0.9321054118
ZINC01255325, GBRA4_BOVIN, 0.9450684472
ZINC01532157, GBRA4_BOVIN, 0.9696250523
ZINC02568376, GBRA4_BOVIN, 0.9222847862
ZINC02602006, GBRA4_BOVIN, 0.9344715031
ZINC03872568, GBRA4_BOVIN, 0.9693968321
ZINC09227024, GBRA4_BOVIN, 1.008453008
ZINC12428918, GBRA4_BOVIN, 0.952105439
ZINC22064260, GBRA4_BOVIN, 0.9693681796
ZINC28770773, GBRA4_BOVIN, 0.9511776251
ZINC29205507, GBRA4_BOVIN, 0.9512321812
ZINC00004220, GBRA4_HUMAN, 1.081101514
ZINC00025301, GBRA4_HUMAN, 1.085269506
ZINC01249069, GBRA4_HUMAN, 0.9682845067
ZINC02568376, GBRA4_HUMAN, 0.9553597168
ZINC06116830, GBRA4_HUMAN, 0.9160728202
ZINC06507046, GBRA4_HUMAN, 1.086494871
ZINC09227024, GBRA4_HUMAN, 1.045588726
ZINC13863224, GBRA4_HUMAN, 0.9508709343
ZINC00004220, GBRA5_HUMAN, 1.05701778
ZINC01249069, GBRA5_HUMAN, 0.9473500936
ZINC09227024, GBRA5_HUMAN, 1.02194854
ZINC13863224, GBRA5_HUMAN, 0.9267368568
ZINC00025301, GBRA6_HUMAN, 1.062670608
ZINC01249069, GBRA6_HUMAN, 0.9490034451
ZINC02568376, GBRA6_HUMAN, 0.9337086974
ZINC09227024, GBRA6_HUMAN, 1.024016531
ZINC13863224, GBRA6_HUMAN, 0.9293413397
ZINC00004220, GBRB1_BOVIN, 1.030809416
ZINC01043853, GBRB1_BOVIN, 1.136307041
ZINC01249069, GBRB1_BOVIN, 0.9219318884
ZINC01255325, GBRB1_BOVIN, 0.9325136644
ZINC01532157, GBRB1_BOVIN, 0.9565997056
ZINC02568376, GBRB1_BOVIN, 0.909937228
ZINC02602006, GBRB1_BOVIN, 0.9218692286
ZINC03872568, GBRB1_BOVIN, 0.9564213976
ZINC09227024, GBRB1_BOVIN, 0.9966791306
ZINC12428918, GBRB1_BOVIN, 0.9392763772
ZINC22064260, GBRB1_BOVIN, 0.9563581968
ZINC28770773, GBRB1_BOVIN, 0.9383826465
ZINC29205507, GBRB1_BOVIN, 0.9384274867
ZINC01043853, GBRB1_RAT, 0.96400382
ZINC00025301, GBRB2_HUMAN, 0.9649497295
ZINC06507046, GBRB2_HUMAN, 0.9656366375
ZINC09227024, GBRB2_HUMAN, 0.9308674821
ZINC00004220, GBRB3_HUMAN, 1.062057087
ZINC00025301, GBRB3_HUMAN, 1.065865428
ZINC01249069, GBRB3_HUMAN, 0.9502997557
ZINC09227024, GBRB3_HUMAN, 1.026921176
ZINC13863224, GBRB3_HUMAN, 0.9341954814
ZINC01043853, GBRB3_RAT, 1.031911469
ZINC00004220, GBRG2_BOVIN, 1.032364978
ZINC01043853, GBRG2_BOVIN, 1.138502684
ZINC01249069, GBRG2_BOVIN, 0.9235846398
ZINC01255325, GBRG2_BOVIN, 0.9326957439
ZINC01532157, GBRG2_BOVIN, 0.9566916847
ZINC02568376, GBRG2_BOVIN, 0.9100240767
ZINC02602006, GBRG2_BOVIN, 0.9218920026
ZINC03872568, GBRG2_BOVIN, 0.9565390402
ZINC09227024, GBRG2_BOVIN, 0.9979872519
ZINC12428918, GBRG2_BOVIN, 0.9393018892
ZINC22064260, GBRG2_BOVIN, 0.956440974
ZINC28770773, GBRG2_BOVIN, 0.9384341695
ZINC29205507, GBRG2_BOVIN, 0.9384714787
ZINC00025301, GBRG2_HUMAN, 1.067790641
ZINC01249069, GBRG2_HUMAN, 0.951992977
ZINC09227024, GBRG2_HUMAN, 1.029026963
ZINC13863224, GBRG2_HUMAN, 0.934225934
ZINC03873121, GCR_HUMAN, 1.065315163
ZINC12358651, GCR_HUMAN, 0.9510765081
ZINC12661824, GCR_HUMAN, 0.932501943
ZINC13522253, GCR_HUMAN, 1.066742182
ZINC00897244, GLCM_HUMAN, 1.736741138
ZINC03787060, GLCM_HUMAN, 2.236091406
ZINC03830449, GLCM_HUMAN, 0.9550908396
ZINC03830569, GLCM_HUMAN, 2.123304703
ZINC03831502, GLCM_HUMAN, 1.029333836
ZINC19795769, GLCM_HUMAN, 1.494139468
ZINC27196434, GLCM_HUMAN, 0.9812662584
ZINC01539136, GLR_HUMAN, 0.956175877
ZINC02511843, GLR_HUMAN, 0.9748623124
ZINC13779018, GRIA1_HUMAN, 0.9805142166
ZINC00896091, GRIA1_MOUSE, 0.9019729102
ZINC02047688, GRIA1_MOUSE, 0.9249842334
ZINC02047689, GRIA1_MOUSE, 0.9233399822
ZINC02530708, GRIA1_MOUSE, 0.9251545357
ZINC13766121, GRIA1_MOUSE, 0.9249741222
ZINC13779018, GRIA1_RAT, 1.031389692
ZINC18118278, GRIA1_RAT, 0.9880407582
ZINC27191322, GRIA1_RAT, 0.9380209382
ZINC13779018, GRIA2_HUMAN, 0.9575494367
ZINC00896091, GRIA2_RAT, 0.9483184223
ZINC00896091, GRIA3_RAT, 0.9420268149
ZINC26378419, GRIA3_RAT, 0.9052213039
ZINC26378421, GRIA3_RAT, 0.9051984622
ZINC13779018, GRIA4_HUMAN, 0.9434682866
ZINC00896091, GRIA4_RAT, 0.9424360949
ZINC26378419, GRIA4_RAT, 0.9056015233
ZINC26378421, GRIA4_RAT, 0.9055787662
ZINC08662575, GRIK1_HUMAN, 0.9336526928
ZINC13779018, GRIK1_HUMAN, 1.017094276
ZINC27191322, GRIK1_HUMAN, 0.9312734458
ZINC13491413, GRIK1_RAT, 0.9507513844
ZINC19943127, GRIK1_RAT, 1.008993163
ZINC19943127, GRIK2_RAT, 0.9014010411
ZINC19943127, GRIK3_RAT, 0.9481678559
ZINC03824390, GRM4_HUMAN, 1.00834837
ZINC03826602, GRM4_HUMAN, 1.235916061
ZINC03952369, GRM4_HUMAN, 1.008300289
ZINC03952370, GRM4_HUMAN, 1.008211817
ZINC04391801, GRM4_HUMAN, 1.065422414
ZINC13779018, GRM4_HUMAN, 1.105431132
ZINC25720507, GRM4_HUMAN, 0.9243688921
ZINC32628523, GRM4_HUMAN, 0.9176219676
ZINC01482113, GRM5_HUMAN, 0.9489567974
ZINC02004213, GRM5_HUMAN, 0.9173693084
ZINC03824390, GRM5_HUMAN, 1.058795216
ZINC03826602, GRM5_HUMAN, 1.309245184
ZINC03869280, GRM5_HUMAN, 0.9051498163
ZINC03946640, GRM5_HUMAN, 0.9429330984
ZINC03952369, GRM5_HUMAN, 1.058729718
ZINC03952370, GRM5_HUMAN, 1.05861451
ZINC19632743, GRM5_HUMAN, 0.9276420506
ZINC25720507, GRM5_HUMAN, 0.9561128332
ZINC32628523, GRM5_HUMAN, 0.9734956895
ZINC01482113, GRM5_RAT, 0.9528489372
ZINC02004213, GRM5_RAT, 0.9166353766
ZINC03824390, GRM5_RAT, 1.057960126
ZINC03826602, GRM5_RAT, 1.308132335
ZINC03869280, GRM5_RAT, 0.9042394072
ZINC03946640, GRM5_RAT, 0.9421010922
ZINC03952369, GRM5_RAT, 1.057895081
ZINC03952370, GRM5_RAT, 1.057780381
ZINC04391801, GRM5_RAT, 1.129299306
ZINC19632743, GRM5_RAT, 0.9268736347
ZINC32628523, GRM5_RAT, 0.9725951642
ZINC03814434, GSK3B_HUMAN, 0.9843101479
ZINC03816409, GSK3B_HUMAN, 1.000941731
ZINC03964325, GSK3B_HUMAN, 0.9130294461
ZINC21288966, GSK3B_HUMAN, 0.9605421534
ZINC03820040, HCK_HUMAN, 0.9367488457
ZINC03938688, HCK_HUMAN, 0.9026262716
ZINC03873635, HDA10_HUMAN, 0.9413638059
ZINC03873635, HDA11_HUMAN, 0.9073384815
ZINC13679847, HDAC1_HUMAN, 0.9026917857
ZINC03873635, HDAC4_HUMAN, 0.9903730628
ZINC13679847, HDAC6_HUMAN, 0.9018465954
ZINC03873635, HDAC7_HUMAN, 0.9682745343
ZINC03873635, HDAC9_HUMAN, 0.9581004814
ZINC01538857, HMDH_HUMAN, 0.9520344557
ZINC03812144, HMDH_HUMAN, 0.9428733345
ZINC03945732, HMDH_HUMAN, 0.9653750573
ZINC34026476, HMDH_HUMAN, 0.942835385
ZINC34026477, HMDH_HUMAN, 0.9428702825
ZINC01538857, HMDH_RAT, 1.049069132
ZINC03812144, HMDH_RAT, 1.038973202
ZINC03945732, HMDH_RAT, 1.06377148
ZINC34026476, HMDH_RAT, 1.0389313
ZINC34026477, HMDH_RAT, 1.038969414
ZINC60291636, HMDH_RAT, 0.9597599877
ZINC13613346, HRH3_HUMAN, 0.9772555267
ZINC42887577, HRH3_HUMAN, 1.100906115
ZINC13613346, HRH4_HUMAN, 0.9058892916
ZINC42887577, HRH4_HUMAN, 1.135279765
ZINC00537818, HYES_HUMAN, 1.153773389
ZINC00538275, HYES_HUMAN, 0.9462130215
ZINC01640999, HYES_HUMAN, 1.464463366
ZINC28879001, HYES_HUMAN, 1.132703738
ZINC40896792, HYES_HUMAN, 1.08453856
ZINC40951976, HYES_HUMAN, 1.159856236
ZINC40953486, HYES_HUMAN, 1.203735908
ZINC64245736, HYES_HUMAN, 1.133115095
ZINC00537818, HYES_MOUSE, 0.9362263556
ZINC01640999, HYES_MOUSE, 1.188256812
ZINC28879001, HYES_MOUSE, 0.9194028074
ZINC40951976, HYES_MOUSE, 0.9411314478
ZINC40953486, HYES_MOUSE, 0.9767341228
ZINC64245736, HYES_MOUSE, 0.9194918722
ZINC01640999, HYES_RAT, 0.9885154359
ZINC00019965, I23O1_HUMAN, 0.9748852062
ZINC13608478, I23O1_HUMAN, 1.111264474
ZINC13608481, I23O1_HUMAN, 1.132675288
ZINC13819928, I23O1_HUMAN, 1.165329907
ZINC13819930, I23O1_HUMAN, 1.165321254
ZINC14951858, I23O1_HUMAN, 1.089474769
ZINC29414525, I23O1_HUMAN, 1.048941058
ZINC29414528, I23O1_HUMAN, 1.046424947
ZINC00391915, ICAM1_HUMAN, 1.040727371
ZINC03803443, ICAM1_HUMAN, 1.275232777
ZINC03975560, ICAM1_HUMAN, 1.05083907
ZINC13491619, ICAM1_HUMAN, 1.108573289
ZINC00002216, INHA_MYCTU, 1.768878028
ZINC00126407, INHA_MYCTU, 0.9127761031
ZINC00126410, INHA_MYCTU, 0.9127592894
ZINC01393715, INHA_MYCTU, 0.9127858673
ZINC01393716, INHA_MYCTU, 0.9127797793
ZINC01413825, INHA_MYCTU, 0.9316663276
ZINC01455730, INHA_MYCTU, 0.9134096472
ZINC03774999, INHA_MYCTU, 0.969397608
ZINC03775000, INHA_MYCTU, 0.9693906961
ZINC03780014, INHA_MYCTU, 1.424974877
ZINC03979014, INHA_MYCTU, 1.752126722
ZINC03981918, INHA_MYCTU, 1.205047338
ZINC04741447, INHA_MYCTU, 0.9500413643
ZINC04741476, INHA_MYCTU, 1.088566475
ZINC04784790, INHA_MYCTU, 0.950226143
ZINC05274871, INHA_MYCTU, 0.9340266875
ZINC05274875, INHA_MYCTU, 0.9495280018
ZINC09972269, INHA_MYCTU, 0.931560393
ZINC12406757, INHA_MYCTU, 0.9330361373
ZINC12652747, INHA_MYCTU, 1.239211215
ZINC18244306, INHA_MYCTU, 0.9496185005
ZINC29311776, INHA_MYCTU, 0.9128115454
ZINC29311781, INHA_MYCTU, 0.9127859202
ZINC64393103, INHA_MYCTU, 0.931303895
ZINC64437033, INHA_MYCTU, 0.9690495617
ZINC64447975, INHA_MYCTU, 0.9721542122
ZINC00537795, IRK11_HUMAN, 0.9767897231
ZINC00391915, ITAL_HUMAN, 1.019627385
ZINC03803443, ITAL_HUMAN, 1.249364987
ZINC03975560, ITAL_HUMAN, 1.029629432
ZINC13491619, ITAL_HUMAN, 1.086096705
ZINC03814434, JAK1_HUMAN, 0.9992661355
ZINC00591953, JAK2_HUMAN, 0.900588726
ZINC02560264, JAK2_HUMAN, 0.924162822
ZINC03783756, JAK2_HUMAN, 0.9006471435
ZINC03801072, JAK2_HUMAN, 0.9064822336
ZINC03812168, JAK2_HUMAN, 1.001959197
ZINC03871742, JAK2_HUMAN, 0.9064510488
ZINC00591953, JAK3_HUMAN, 0.9395346122
ZINC03783756, JAK3_HUMAN, 0.9394629991
ZINC03801072, JAK3_HUMAN, 0.9457697473
ZINC03871742, JAK3_HUMAN, 0.9457797856
ZINC03964325, KAPCA_HUMAN, 0.9279525463
ZINC03812168, KAPCG_HUMAN, 0.9184446367
ZINC21288966, KC1D_HUMAN, 1.035297945
ZINC21288966, KC1E_HUMAN, 0.9465654755
ZINC17611186, KCNA3_HUMAN, 1.077566317
ZINC00126122, KCNH2_HUMAN, 0.9255492759
ZINC00150351, KCNH2_HUMAN, 0.9242147606
ZINC00538544, KCNH2_HUMAN, 1.111452499
ZINC01032576, KCNH2_HUMAN, 0.9252791828
ZINC01037556, KCNH2_HUMAN, 0.9253609092
ZINC01324237, KCNH2_HUMAN, 0.9255897599
ZINC01504345, KCNH2_HUMAN, 0.9013268261
ZINC02455295, KCNH2_HUMAN, 0.9247241456
ZINC03073566, KCNH2_HUMAN, 0.9246801136
ZINC03805768, KCNH2_HUMAN, 1.344942104
ZINC08637042, KCNH2_HUMAN, 0.9250486403
ZINC34801951, KCNH2_HUMAN, 0.9185202921
ZINC39326742, KCNH2_HUMAN, 1.144017385
ZINC00001021, KIF11_HUMAN, 1.006494508
ZINC00073715, KIF11_HUMAN, 0.9362354533
ZINC00088404, KIF11_HUMAN, 0.9260805491
ZINC00088525, KIF11_HUMAN, 0.9191966755
ZINC00115374, KIF11_HUMAN, 1.254725895
ZINC00206382, KIF11_HUMAN, 0.9008831916
ZINC00246644, KIF11_HUMAN, 0.9278181944
ZINC00295955, KIF11_HUMAN, 0.9455990022
ZINC00440786, KIF11_HUMAN, 0.9557956956
ZINC00447067, KIF11_HUMAN, 0.9442479645
ZINC00613611, KIF11_HUMAN, 0.9277472329
ZINC00900751, KIF11_HUMAN, 0.9596193064
ZINC01482006, KIF11_HUMAN, 0.9514021138
ZINC01599927, KIF11_HUMAN, 0.9520304784
ZINC01693315, KIF11_HUMAN, 0.9448499301
ZINC01720410, KIF11_HUMAN, 0.9595019458
ZINC01724368, KIF11_HUMAN, 0.9515146385
ZINC02011298, KIF11_HUMAN, 0.9599894565
ZINC02900976, KIF11_HUMAN, 0.9396819224
ZINC03080663, KIF11_HUMAN, 0.9530848632
ZINC04492895, KIF11_HUMAN, 1.058428048
ZINC26843314, KIF11_HUMAN, 1.300651918
ZINC26937509, KIF11_HUMAN, 1.300789773
ZINC26937514, KIF11_HUMAN, 1.300603102
ZINC26941115, KIF11_HUMAN, 1.300596674
ZINC26941126, KIF11_HUMAN, 1.300518131
ZINC28826573, KIF11_HUMAN, 0.9368278949
ZINC36177752, KIF11_HUMAN, 0.9528791883
ZINC36242028, KIF11_HUMAN, 0.9464406839
ZINC00602803, KIT_HUMAN, 0.9387606493
ZINC03816310, KIT_HUMAN, 0.9130341015
ZINC03820040, KIT_HUMAN, 1.007632121
ZINC11617039, KIT_HUMAN, 1.018824636
ZINC12504479, KIT_HUMAN, 0.9450400293
ZINC13493055, KIT_HUMAN, 1.011197117
ZINC18710082, KIT_HUMAN, 1.073438946
ZINC18710085, KIT_HUMAN, 1.111273767
ZINC18825334, KIT_HUMAN, 1.162436637
ZINC23247639, KIT_HUMAN, 1.064281251
ZINC28950516, KIT_HUMAN, 1.005677199
ZINC55760827, KIT_HUMAN, 0.9383949871
ZINC00332634, KMO_RAT, 0.951741504
ZINC01702555, KMO_RAT, 0.9020437478
ZINC01733926, KMO_RAT, 0.9515679375
ZINC03860715, KMO_RAT, 2.008202783
ZINC12501627, KMO_RAT, 1.002188274
ZINC12501629, KMO_RAT, 1.002205689
ZINC13779479, KMO_RAT, 0.9015566505
ZINC13779480, KMO_RAT, 0.9357452628
ZINC19632644, KMO_RAT, 1.123921087
ZINC20330769, KMO_RAT, 0.9293391787
ZINC22011868, KMO_RAT, 0.9812306748
ZINC03928304, KPCA_HUMAN, 0.9346518918
ZINC03928304, KPCB_HUMAN, 0.9121277193
ZINC03812168, KPCD1_HUMAN, 1.139009609
ZINC03812168, KPCD3_HUMAN, 1.114320367
ZINC01554668, KPCE_HUMAN, 0.9242631046
ZINC03812168, KPCI_HUMAN, 0.9627679506
ZINC01494900, KPCT_HUMAN, 0.9617003877
ZINC01554668, KPCT_HUMAN, 0.9103482972
ZINC03812168, KPCZ_HUMAN, 0.9841167357
ZINC00012513, KPYM_HUMAN, 0.9068760677
ZINC01566904, KPYM_HUMAN, 0.9066930772
ZINC13952160, KPYM_HUMAN, 0.9620733561
ZINC03938688, KS6A5_HUMAN, 0.9012218463
ZINC00602803, LCK_HUMAN, 0.9325653268
ZINC03820040, LCK_HUMAN, 0.9782963076
ZINC03938688, LCK_HUMAN, 0.9158355975
ZINC06718813, LCK_HUMAN, 0.9369972973
ZINC11617039, LCK_HUMAN, 0.9557850659
ZINC18710085, LCK_HUMAN, 0.9396692776
ZINC23247639, LCK_HUMAN, 0.9971433055
ZINC01715674, LEF_BACAN, 0.9191325559
ZINC01717010, LEF_BACAN, 0.916895711
ZINC01717012, LEF_BACAN, 0.9345813681
ZINC01717014, LEF_BACAN, 0.9234554176
ZINC01719580, LEF_BACAN, 0.9258422997
ZINC03975668, LEF_BACAN, 0.9438593762
ZINC22056928, LEF_BACAN, 1.262723836
ZINC27108312, LEF_BACAN, 1.262699926
ZINC28103203, LEF_BACAN, 2.024844516
ZINC28563767, LEF_BACAN, 2.106018953
ZINC28564296, LEF_BACAN, 2.106033188
ZINC28824948, LEF_BACAN, 0.9825704275
ZINC29589888, LEF_BACAN, 0.9156093106
ZINC30691809, LEF_BACAN, 1.068714615
ZINC01039775, LKHA4_HUMAN, 1.252206187
ZINC03819138, LKHA4_HUMAN, 1.111311804
ZINC03872462, LKHA4_HUMAN, 0.9474445481
ZINC68197809, LKHA4_HUMAN, 0.9174968366
ZINC00012342, LOX5_HUMAN, 1.374787297
ZINC00056472, LOX5_HUMAN, 1.374442009
ZINC00056474, LOX5_HUMAN, 1.375932441
ZINC01689786, LOX5_HUMAN, 0.9673510118
ZINC02769764, LOX5_HUMAN, 0.9362754628
ZINC04654860, LOX5_HUMAN, 0.9675732626
ZINC05758746, LOX5_HUMAN, 0.9176123555
ZINC13507842, LOX5_HUMAN, 0.9805818658
ZINC28896217, LOX5_HUMAN, 0.9107284587
ZINC00012342, LOX5_RAT, 1.274677709
ZINC00056472, LOX5_RAT, 1.274990075
ZINC00056474, LOX5_RAT, 1.276033436
ZINC02769764, LOX5_RAT, 1.060195173
ZINC13507842, LOX5_RAT, 0.9051793683
ZINC13647791, LUCI_PHOPE, 1.15216841
ZINC14951176, LUCI_PHOPE, 1.25152092
ZINC30691792, LUCI_PHOPE, 1.068516972
ZINC36377992, LUCI_PHOPE, 0.9180496349
ZINC58633224, LUCI_PHOPE, 1.117029953
ZINC13647791, LUCI_PHOPY, 1.00369347
ZINC14951176, LUCI_PHOPY, 1.090355086
ZINC30691792, LUCI_PHOPY, 0.930794569
ZINC58633224, LUCI_PHOPY, 0.9730141291
ZINC03938688, LYN_HUMAN, 0.9289794605
ZINC03816409, MAT1_HUMAN, 1.28394142
ZINC04793192, MAT1_HUMAN, 1.019926042
ZINC05932684, MAT1_HUMAN, 1.100467574
ZINC12501080, MAT1_HUMAN, 1.100460332
ZINC00538564, MDR1_HUMAN, 1.14460951
ZINC00897408, MDR1_HUMAN, 1.144652988
ZINC03782599, MDR1_HUMAN, 1.166119989
ZINC03796232, MDR1_HUMAN, 1.294447019
ZINC03814360, MDR1_HUMAN, 0.9261445292
ZINC03932831, MDR1_HUMAN, 1.009170663
ZINC04428529, MDR1_HUMAN, 1.065838482
ZINC05649661, MDR1_HUMAN, 1.241526145
ZINC05649664, MDR1_HUMAN, 1.24152603
ZINC05921059, MDR1_HUMAN, 0.958784636
ZINC05921125, MDR1_HUMAN, 0.9587845677
ZINC06824769, MDR1_HUMAN, 0.9248563564
ZINC14880001, MDR1_HUMAN, 1.009170639
ZINC29345122, MDR1_HUMAN, 1.294447017
ZINC33696845, MDR1_HUMAN, 0.9587846722
ZINC33696847, MDR1_HUMAN, 0.9587845006
ZINC33696848, MDR1_HUMAN, 0.9587847127
ZINC33696850, MDR1_HUMAN, 0.9587846367
ZINC34022720, MDR1_HUMAN, 0.9204538838
ZINC34026963, MDR1_HUMAN, 1.009170568
ZINC34026964, MDR1_HUMAN, 1.009170706
ZINC34212553, MDR1_HUMAN, 0.9081904814
ZINC34212555, MDR1_HUMAN, 0.9082217153
ZINC34307313, MDR1_HUMAN, 1.294447019
ZINC34801417, MDR1_HUMAN, 0.9038437998
ZINC34801418, MDR1_HUMAN, 0.9038445266
ZINC01493878, MET_HUMAN, 0.9741213886
ZINC11617039, MET_HUMAN, 0.9202843524
ZINC16697102, MET_HUMAN, 0.9717498827
ZINC18710082, MET_HUMAN, 0.9133906708
ZINC18710085, MET_HUMAN, 0.9723087208
ZINC18825334, MET_HUMAN, 1.033870389
ZINC21982951, MET_HUMAN, 1.001464173
ZINC22448983, MET_HUMAN, 1.005432752
ZINC24044436, MET_HUMAN, 1.023029252
ZINC00229432, MGLL_HUMAN, 0.9361765083
ZINC03963016, MGLL_HUMAN, 1.423364405
ZINC05248543, MGLL_HUMAN, 1.043018413
ZINC13819807, MGLL_HUMAN, 1.408521207
ZINC13829435, MGLL_HUMAN, 1.737053139
ZINC27646798, MGLL_HUMAN, 1.06572344
ZINC28642528, MGLL_HUMAN, 1.184715327
ZINC28652818, MGLL_HUMAN, 1.235275416
ZINC29127351, MGLL_HUMAN, 0.9138512571
ZINC40379556, MGLL_HUMAN, 0.9351670999
ZINC40879935, MGLL_HUMAN, 0.9342534622
ZINC62260316, MGLL_HUMAN, 0.9054538249
ZINC64512573, MGLL_HUMAN, 1.367281826
ZINC00009064, MIF_HUMAN, 1.676948664
ZINC03814318, MIF_HUMAN, 1.200826236
ZINC13671868, MIF_HUMAN, 0.9157040444
ZINC21288919, MIF_HUMAN, 1.200988231
ZINC00602803, MK09_HUMAN, 0.9449754443
ZINC03938688, MK09_HUMAN, 0.9022283173
ZINC03964325, MK09_HUMAN, 0.9323603208
ZINC11617039, MK09_HUMAN, 0.9197913322
ZINC21982951, MK09_HUMAN, 0.9228574727
ZINC00602803, MK10_HUMAN, 0.9857081802
ZINC03964325, MK10_HUMAN, 0.9289946141
ZINC21982951, MK10_HUMAN, 0.9434400453
ZINC14951176, MK14_HUMAN, 1.079625193
ZINC03964325, MK15_HUMAN, 0.902676593
ZINC03964325, MKNK1_HUMAN, 0.9516458744
ZINC03964325, MKNK2_HUMAN, 0.9635907882
ZINC00580328, MMP13_HUMAN, 1.113462198
ZINC03817204, MMP13_HUMAN, 1.089223777
ZINC03871391, MMP13_HUMAN, 0.9353745961
ZINC03873570, MMP13_HUMAN, 0.9020620569
ZINC03939175, MMP13_HUMAN, 0.931244237
ZINC03976469, MMP13_HUMAN, 0.9634274987
ZINC03979014, MMP13_HUMAN, 0.9756870132
ZINC06116142, MMP13_HUMAN, 0.9453174289
ZINC13911809, MMP13_HUMAN, 0.9090247589
ZINC13916763, MMP13_HUMAN, 0.9633856325
ZINC13982474, MMP13_HUMAN, 1.01542235
ZINC27079413, MMP13_HUMAN, 1.038353999
ZINC43014500, MMP13_HUMAN, 1.194188831
ZINC03817204, MMP1_HUMAN, 0.9300613254
ZINC40953882, MMP1_HUMAN, 0.9607335311
ZINC03817204, MMP2_HUMAN, 1.072617752
ZINC03871391, MMP2_HUMAN, 0.9275520328
ZINC06744035, MMP2_HUMAN, 0.9901558039
ZINC13804669, MMP2_HUMAN, 0.9758668516
ZINC13804672, MMP2_HUMAN, 0.975669021
ZINC13982474, MMP2_HUMAN, 1.004829973
ZINC34801833, MMP3_HUMAN, 0.9704352519
ZINC03817204, MMP9_HUMAN, 1.021824083
ZINC13982474, MMP9_HUMAN, 0.9529090274
ZINC00901191, MPIP1_HUMAN, 0.978596793
ZINC01593117, MPIP1_HUMAN, 0.9851571098
ZINC03782486, MPIP1_HUMAN, 1.099009493
ZINC19360739, MPIP1_HUMAN, 1.230397376
ZINC19362693, MPIP1_HUMAN, 1.283031242
ZINC35622996, MPIP1_HUMAN, 1.052976729
ZINC03782486, MPIP2_HUMAN, 1.19989703
ZINC19360739, MPIP2_HUMAN, 1.343355083
ZINC19362693, MPIP2_HUMAN, 1.400817564
ZINC35622996, MPIP2_HUMAN, 1.149678862
ZINC00537805, MRP1_HUMAN, 0.9968178441
ZINC43465534, MTOR_HUMAN, 0.9553045674
ZINC71318831, MTOR_HUMAN, 1.215097061
ZINC00600399, MTR1A_CHICK, 0.9197541544
ZINC03918293, MTR1A_CHICK, 0.900191666
ZINC00600399, MTR1A_HUMAN, 0.9155812079
ZINC00600399, MTR1B_CHICK, 0.9323689767
ZINC03918293, MTR1B_CHICK, 0.9119299232
ZINC03923061, MTR1B_CHICK, 0.909827898
ZINC00600399, MTR1B_HUMAN, 0.9487260455
ZINC03918293, MTR1B_HUMAN, 0.9280369347
ZINC03923061, MTR1B_HUMAN, 0.925611062
ZINC00600399, MTR1C_CHICK, 0.9182474471
ZINC03929508, NEUR1_HUMAN, 0.9288763926
ZINC03929508, NEUR2_HUMAN, 0.9200642661
ZINC00004840, NISCH_HUMAN, 1.445839162
ZINC01549287, NISCH_HUMAN, 1.480551674
ZINC03789195, NISCH_HUMAN, 2.044939884
ZINC13512456, NISCH_HUMAN, 1.445836687
ZINC24629762, NISCH_HUMAN, 1.187082092
ZINC28526445, NISCH_HUMAN, 1.480187531
ZINC36176209, NISCH_HUMAN, 1.202182181
ZINC36176322, NISCH_HUMAN, 1.202500803
ZINC48548065, NISCH_HUMAN, 1.202145516
ZINC03789195, NISCH_RAT, 1.00934991
ZINC22028288, NMD3B_RAT, 0.9170398501
ZINC22033348, NMD3B_RAT, 0.9246140634
ZINC00968311, NMDE2_RAT, 1.02380847
ZINC18187630, NMDE2_RAT, 0.93388453
ZINC18118278, NMDE3_RAT, 1.034423063
ZINC29324836, NMDE3_RAT, 0.90611103
ZINC00968311, NMDE4_RAT, 0.9535975753
ZINC00007382, NMDZ1_RAT, 0.9337284757
ZINC00056526, NMDZ1_RAT, 0.9204866412
ZINC00538633, NMDZ1_RAT, 0.9690396099
ZINC01491952, NMDZ1_RAT, 0.9333954923
ZINC02010759, NMDZ1_RAT, 0.928341768
ZINC03866443, NMDZ1_RAT, 0.925445644
ZINC03982657, NMDZ1_RAT, 0.968769026
ZINC04141357, NMDZ1_RAT, 0.9308904637
ZINC05165145, NMDZ1_RAT, 0.9337396767
ZINC11568744, NMDZ1_RAT, 0.9180659069
ZINC13488061, NMDZ1_RAT, 0.9110977855
ZINC13488065, NMDZ1_RAT, 0.9175135612
ZINC13488066, NMDZ1_RAT, 0.9180218729
ZINC13488071, NMDZ1_RAT, 0.9415229592
ZINC13777629, NMDZ1_RAT, 0.9035389838
ZINC13777635, NMDZ1_RAT, 0.9276054558
ZINC13777644, NMDZ1_RAT, 0.9276812923
ZINC22309331, NMDZ1_RAT, 0.9536824329
ZINC22309336, NMDZ1_RAT, 0.9240205026
ZINC28363953, NMDZ1_RAT, 0.9280636803
ZINC03870920, NOS1_HUMAN, 0.9495640796
ZINC03874402, NOS1_HUMAN, 0.9523362594
ZINC03874404, NOS1_HUMAN, 0.9523365043
ZINC04217344, NOS1_HUMAN, 0.9495561135
ZINC24687750, NOS1_HUMAN, 0.9533652126
ZINC03870920, NOS2_HUMAN, 0.9567238328
ZINC03874402, NOS2_HUMAN, 0.9594267674
ZINC03874404, NOS2_HUMAN, 0.9594270896
ZINC04217344, NOS2_HUMAN, 0.9567193627
ZINC24687750, NOS2_HUMAN, 0.9604458547
ZINC24773728, NOS2_HUMAN, 0.9128557813
ZINC13454194, NOS2_MOUSE, 0.9408236763
ZINC13952160, NOS2_MOUSE, 0.937277361
ZINC19796181, NOS2_MOUSE, 0.9190673728
ZINC24687750, NOS2_MOUSE, 0.9480754375
ZINC24773728, NOS2_MOUSE, 0.9007472833
ZINC03870920, NOS3_HUMAN, 0.9319472504
ZINC03951312, NOS3_HUMAN, 0.9062769776
ZINC04217344, NOS3_HUMAN, 0.9319375515
ZINC00002216, NOX4_HUMAN, 1.234146749
ZINC03780014, NOX4_HUMAN, 0.998270012
ZINC03979014, NOX4_HUMAN, 1.227452301
ZINC03775575, NQO1_HUMAN, 0.9661348055
ZINC29052268, NQO1_HUMAN, 0.9197861487
ZINC03775575, NQO2_HUMAN, 1.213262304
ZINC29052268, NQO2_HUMAN, 1.155058618
ZINC29136330, NQO2_HUMAN, 0.9766699226
ZINC29464717, NQO2_HUMAN, 1.004559315
ZINC03938688, NTRK1_HUMAN, 0.9718422166
ZINC03860715, P4HTM_HUMAN, 0.9493749556
ZINC00006694, P96878_MYCTU, 0.9148724505
ZINC00056721, P96878_MYCTU, 0.9672898706
ZINC00164581, P96878_MYCTU, 0.9575566841
ZINC01420707, P96878_MYCTU, 0.9218373329
ZINC01676919, P96878_MYCTU, 0.9212059204
ZINC06925827, P96878_MYCTU, 0.9339657795
ZINC13442503, P96878_MYCTU, 0.9080291463
ZINC13442505, P96878_MYCTU, 0.9229430801
ZINC01543773, PA2GA_RABIT, 0.9836462913
ZINC01543773, PA2GA_RAT, 0.9133454513
ZINC03814434, PARP1_HUMAN, 1.226468728
ZINC03820040, PARP1_HUMAN, 0.9390775413
ZINC03938688, PARP1_HUMAN, 1.282709546
ZINC03964325, PARP1_HUMAN, 1.614628804
ZINC18825339, PARP1_HUMAN, 1.279801047
ZINC18825344, PARP1_HUMAN, 1.106782162
ZINC23247639, PARP1_HUMAN, 0.9798349829
ZINC40430143, PARP1_HUMAN, 1.071136594
ZINC03964325, PARP2_HUMAN, 0.9096860524
ZINC06116353, PCP_HUMAN, 0.9712211597
ZINC06116354, PCP_HUMAN, 0.9709408127
ZINC06116554, PCP_HUMAN, 0.9709290661
ZINC06116555, PCP_HUMAN, 0.9710142848
ZINC18118278, PCP_HUMAN, 0.93127458
ZINC19632758, PCP_HUMAN, 0.9099344817
ZINC22028288, PCP_HUMAN, 1.057762603
ZINC22033348, PCP_HUMAN, 1.081843383
ZINC28768623, PCP_HUMAN, 1.067411185
ZINC29324836, PCP_HUMAN, 0.9706060972
ZINC00643046, PDE1A_HUMAN, 1.280834435
ZINC00643046, PDE1B_HUMAN, 1.264911004
ZINC00643046, PDE1C_HUMAN, 1.294592568
ZINC00004982, PDE3A_HUMAN, 1.298523325
ZINC00005871, PDE3A_HUMAN, 1.036176234
ZINC00020647, PDE3A_HUMAN, 1.001639967
ZINC00598965, PDE3A_HUMAN, 1.016579186
ZINC02000919, PDE3A_HUMAN, 1.257643431
ZINC03651379, PDE3A_HUMAN, 0.9228246889
ZINC03781835, PDE3A_HUMAN, 1.074753158
ZINC03818556, PDE3A_HUMAN, 0.905028859
ZINC13600184, PDE3A_HUMAN, 0.9228357297
ZINC13736993, PDE3A_HUMAN, 0.9202360092
ZINC13817033, PDE3A_HUMAN, 0.9658951509
ZINC13860721, PDE3A_HUMAN, 0.9968148051
ZINC00004982, PDE3B_HUMAN, 1.284743029
ZINC00005871, PDE3B_HUMAN, 1.025319102
ZINC00020647, PDE3B_HUMAN, 0.9911515545
ZINC00598965, PDE3B_HUMAN, 1.005934545
ZINC02000919, PDE3B_HUMAN, 1.244349018
ZINC03651379, PDE3B_HUMAN, 0.913154778
ZINC03781835, PDE3B_HUMAN, 1.063455963
ZINC13600184, PDE3B_HUMAN, 0.9131663186
ZINC13736993, PDE3B_HUMAN, 0.9106070865
ZINC13817033, PDE3B_HUMAN, 0.9547424176
ZINC13860721, PDE3B_HUMAN, 0.9863723869
ZINC00004982, PDE4A_HUMAN, 1.241282202
ZINC00005871, PDE4A_HUMAN, 0.9889730689
ZINC00598965, PDE4A_HUMAN, 0.970185855
ZINC13817033, PDE4A_HUMAN, 0.9300973374
ZINC13860721, PDE4A_HUMAN, 0.9513872934
ZINC00004982, PDE4B_HUMAN, 1.240581341
ZINC00005871, PDE4B_HUMAN, 0.9886917697
ZINC00020647, PDE4B_HUMAN, 0.9557059731
ZINC00598965, PDE4B_HUMAN, 0.9699156714
ZINC03781835, PDE4B_HUMAN, 1.026218907
ZINC13817033, PDE4B_HUMAN, 0.9299896338
ZINC13860721, PDE4B_HUMAN, 0.9511279333
ZINC13817033, PDE4C_HUMAN, 0.9114432489
ZINC13860721, PDE4C_HUMAN, 0.919276604
ZINC00004982, PDE4D_HUMAN, 1.232735099
ZINC00005871, PDE4D_HUMAN, 0.9808710934
ZINC00020647, PDE4D_HUMAN, 0.9481175048
ZINC00598965, PDE4D_HUMAN, 0.9622258567
ZINC03781835, PDE4D_HUMAN, 1.018831726
ZINC13817033, PDE4D_HUMAN, 0.9329569266
ZINC13860721, PDE4D_HUMAN, 0.9436063189
ZINC00643046, PDE5A_BOVIN, 1.427943584
ZINC01490579, PDE5A_BOVIN, 1.312034077
ZINC03963610, PDE5A_BOVIN, 1.063430056
ZINC08855176, PDE5A_BOVIN, 0.9320135639
ZINC18324776, PDE5A_BOVIN, 1.092846394
ZINC00056555, PDE5A_HUMAN, 0.9389899694
ZINC00643046, PDE5A_HUMAN, 1.723992488
ZINC01490579, PDE5A_HUMAN, 1.562979751
ZINC03963610, PDE5A_HUMAN, 1.251945169
ZINC03993855, PDE5A_HUMAN, 1.198296117
ZINC08855176, PDE5A_HUMAN, 1.116181687
ZINC21981375, PDE5A_HUMAN, 0.9728722183
ZINC00020245, PDR5_YEAST, 0.9848109446
ZINC00020248, PDR5_YEAST, 1.080957363
ZINC03860856, PERM_HUMAN, 1.248216528
ZINC05764539, PERM_HUMAN, 1.118849716
ZINC00602803, PGFRA_HUMAN, 0.9631106776
ZINC13493055, PGFRA_HUMAN, 0.9716545639
ZINC18825334, PGFRA_HUMAN, 1.133747072
ZINC22448983, PGFRA_HUMAN, 1.128853848
ZINC28950516, PGFRA_HUMAN, 0.9690644192
ZINC00602803, PGFRB_HUMAN, 0.9230436974
ZINC03820040, PGFRB_HUMAN, 0.9801599953
ZINC18710082, PGFRB_HUMAN, 1.115177982
ZINC18710085, PGFRB_HUMAN, 1.14484519
ZINC18825334, PGFRB_HUMAN, 1.186803805
ZINC22448983, PGFRB_HUMAN, 1.193937767
ZINC23247639, PGFRB_HUMAN, 1.029030194
ZINC28950516, PGFRB_HUMAN, 1.039200122
ZINC34842284, PGFRB_HUMAN, 0.9296855377
ZINC72105034, PGFRB_HUMAN, 1.195629854
ZINC00007460, PGFRB_MOUSE, 0.9648064303
ZINC01493878, PGFRB_MOUSE, 1.006548059
ZINC03834198, PGFRB_MOUSE, 1.044056051
ZINC03966243, PGFRB_MOUSE, 0.9338867793
ZINC06718813, PGFRB_MOUSE, 1.002191719
ZINC11617039, PGFRB_MOUSE, 0.9572263645
ZINC13493055, PGFRB_MOUSE, 1.042910349
ZINC16697102, PGFRB_MOUSE, 1.11538054
ZINC18710082, PGFRB_MOUSE, 1.124188984
ZINC18710085, PGFRB_MOUSE, 1.137281177
ZINC18825334, PGFRB_MOUSE, 1.165045431
ZINC21982951, PGFRB_MOUSE, 1.062179301
ZINC22448983, PGFRB_MOUSE, 1.174427168
ZINC23247639, PGFRB_MOUSE, 0.9132915013
ZINC24044436, PGFRB_MOUSE, 1.129469075
ZINC27439698, PGFRB_MOUSE, 1.049155812
ZINC28950516, PGFRB_MOUSE, 1.039858159
ZINC34842284, PGFRB_MOUSE, 0.9366436522
ZINC55760827, PGFRB_MOUSE, 0.9852246786
ZINC72105034, PGFRB_MOUSE, 1.204474345
ZINC00000909, PGH1_HUMAN, 0.9445942284
ZINC00601283, PGH1_HUMAN, 1.033536376
ZINC06262659, PGH1_HUMAN, 0.9123501124
ZINC18007687, PGH1_HUMAN, 0.9758233041
ZINC38141758, PGH1_HUMAN, 1.042416891
ZINC00001281, PGH1_RAT, 0.9250691461
ZINC02570895, PGH1_RAT, 0.9758158113
ZINC00000909, PGH2_HUMAN, 0.9606078867
ZINC00601283, PGH2_HUMAN, 1.052952156
ZINC01845036, PGH2_HUMAN, 0.9659345187
ZINC18007687, PGH2_HUMAN, 0.9895987849
ZINC26974195, PGH2_HUMAN, 0.9625679727
ZINC38141758, PGH2_HUMAN, 1.060042501
ZINC38141758, PGH2_MOUSE, 0.9141127821
ZINC00001281, PGH2_RAT, 0.9085175149
ZINC03812168, PIM1_HUMAN, 0.9376639337
ZINC03964325, PIM1_HUMAN, 0.9204792531
ZINC01912926, PK3CA_HUMAN, 0.9033612575
ZINC28642528, PK3CA_HUMAN, 0.9234469819
ZINC37858693, PK3CA_HUMAN, 1.18717918
ZINC49745945, PK3CA_HUMAN, 0.920961951
ZINC64539506, PK3CB_HUMAN, 0.9731242915
ZINC71318831, PK3CB_HUMAN, 0.9718853814
ZINC03963016, PK3CD_HUMAN, 0.9549763367
ZINC27646798, PK3CD_HUMAN, 0.9838458818
ZINC00598970, PLCG2_HUMAN, 0.9257428418
ZINC02563947, PLCG2_HUMAN, 0.9258492255
ZINC23247639, PLK4_HUMAN, 0.9580265388
ZINC03860715, PLM2_PLAFA, 0.9194820373
ZINC13686849, PNMT_BOVIN, 0.9148643471
ZINC13686854, PNMT_BOVIN, 0.9149104738
ZINC03873121, PPARA_HUMAN, 1.006441806
ZINC12358651, PPARA_HUMAN, 0.9209705597
ZINC13522253, PPARA_HUMAN, 1.007829787
ZINC01539579, PPARG_HUMAN, 0.9924230725
ZINC01550770, PPARG_HUMAN, 0.9333563066
ZINC01892655, PPARG_HUMAN, 0.9333614882
ZINC03873121, PPARG_HUMAN, 1.223624314
ZINC12358651, PPARG_HUMAN, 1.091673969
ZINC12661824, PPARG_HUMAN, 1.070526099
ZINC13522253, PPARG_HUMAN, 1.225313328
ZINC21992287, PPARG_HUMAN, 0.938027242
ZINC03787060, PPBT_HUMAN, 0.9298224722
ZINC29056295, PPBT_HUMAN, 1.067910466
ZINC13474734, PPIA_HUMAN, 0.9140611159
ZINC01539579, PRGR_HUMAN, 0.9530298985
ZINC03873121, PRGR_HUMAN, 1.175345518
ZINC12358651, PRGR_HUMAN, 1.048894256
ZINC12661824, PRGR_HUMAN, 1.02848226
ZINC13522253, PRGR_HUMAN, 1.176924324
ZINC21992287, PRGR_HUMAN, 0.9011761667
ZINC00020248, PRIO_HUMAN, 0.9236095585
ZINC03935700, PRKDC_HUMAN, 0.9039983696
ZINC43154043, PRKDC_HUMAN, 0.909975933
ZINC19361055, PTAFR_HUMAN, 0.9215205143
ZINC19632644, PTGES_HUMAN, 1.103883137
ZINC20330769, PTGES_HUMAN, 0.910963344
ZINC22011868, PTGES_HUMAN, 0.9609710426
ZINC03789195, PYRD_HUMAN, 0.9898366254
ZINC00897244, Q54A96_PLAFA, 1.103460359
ZINC03787060, Q54A96_PLAFA, 1.420728114
ZINC03789195, Q54A96_PLAFA, 1.032813994
ZINC03830569, Q54A96_PLAFA, 1.349068316
ZINC19795769, Q54A96_PLAFA, 0.9493340582
ZINC00897244, Q6RY99_RAT, 1.299516414
ZINC03787060, Q6RY99_RAT, 1.673162768
ZINC03830569, Q6RY99_RAT, 1.588761669
ZINC19795769, Q6RY99_RAT, 1.118037139
ZINC03775575, Q72547_9HIV1, 1.116052406
ZINC29052268, Q72547_9HIV1, 1.062508609
ZINC29464717, Q72547_9HIV1, 0.9240681653
ZINC00004763, Q72874_9HIV1, 1.290510871
ZINC00156701, Q72874_9HIV1, 1.150249995
ZINC01703222, Q72874_9HIV1, 1.038892467
ZINC03869768, Q72874_9HIV1, 0.9281461298
ZINC03871576, Q72874_9HIV1, 0.9289632141
ZINC05854773, Q72874_9HIV1, 0.9017459455
ZINC18825330, Q72874_9HIV1, 0.9550363906
ZINC18847037, Q72874_9HIV1, 0.9523935954
ZINC29056253, Q72874_9HIV1, 1.034509487
ZINC35636075, Q72874_9HIV1, 0.9020570323
ZINC45254284, Q72874_9HIV1, 1.048198588
ZINC00000061, Q7ZJM1_9HIV1, 1.200263368
ZINC00085733, Q7ZJM1_9HIV1, 1.166653658
ZINC00402642, Q7ZJM1_9HIV1, 1.017896194
ZINC00402643, Q7ZJM1_9HIV1, 1.017941247
ZINC01529636, Q7ZJM1_9HIV1, 1.060584876
ZINC01532620, Q7ZJM1_9HIV1, 0.9952353093
ZINC04165187, Q7ZJM1_9HIV1, 1.102380524
ZINC04165201, Q7ZJM1_9HIV1, 1.056794051
ZINC04202508, Q7ZJM1_9HIV1, 1.060545503
ZINC05410694, Q7ZJM1_9HIV1, 1.059959262
ZINC06071290, Q7ZJM1_9HIV1, 1.048402355
ZINC06071292, Q7ZJM1_9HIV1, 1.048402458
ZINC06093177, Q7ZJM1_9HIV1, 1.10969613
ZINC06093614, Q7ZJM1_9HIV1, 1.101938312
ZINC06093626, Q7ZJM1_9HIV1, 1.056877282
ZINC13742894, Q7ZJM1_9HIV1, 1.232319916
ZINC13742895, Q7ZJM1_9HIV1, 1.232319498
ZINC13742898, Q7ZJM1_9HIV1, 1.148023902
ZINC13742899, Q7ZJM1_9HIV1, 1.148014209
ZINC13742902, Q7ZJM1_9HIV1, 1.146556545
ZINC13742903, Q7ZJM1_9HIV1, 1.146401192
ZINC13742906, Q7ZJM1_9HIV1, 1.147883537
ZINC13742907, Q7ZJM1_9HIV1, 1.147906193
ZINC13742922, Q7ZJM1_9HIV1, 1.146679334
ZINC13742923, Q7ZJM1_9HIV1, 1.146782625
ZINC13742933, Q7ZJM1_9HIV1, 1.148057817
ZINC13742935, Q7ZJM1_9HIV1, 1.148080886
ZINC13742936, Q7ZJM1_9HIV1, 1.063927642
ZINC13742937, Q7ZJM1_9HIV1, 1.063912837
ZINC13742954, Q7ZJM1_9HIV1, 1.251069225
ZINC13742955, Q7ZJM1_9HIV1, 1.091210549
ZINC13742956, Q7ZJM1_9HIV1, 1.091208785
ZINC13823768, Q7ZJM1_9HIV1, 1.048806021
ZINC13823770, Q7ZJM1_9HIV1, 1.097404267
ZINC13823784, Q7ZJM1_9HIV1, 1.058935393
ZINC13823786, Q7ZJM1_9HIV1, 1.107366968
ZINC19737048, Q7ZJM1_9HIV1, 1.013985722
ZINC20028798, Q7ZJM1_9HIV1, 1.227187062
ZINC20112625, Q7ZJM1_9HIV1, 1.075026625
ZINC20112628, Q7ZJM1_9HIV1, 1.075023088
ZINC22112695, Q7ZJM1_9HIV1, 1.251069544
ZINC26983004, Q7ZJM1_9HIV1, 1.02363552
ZINC26983012, Q7ZJM1_9HIV1, 1.023618555
ZINC26995305, Q7ZJM1_9HIV1, 1.275500113
ZINC29226409, Q7ZJM1_9HIV1, 1.060093839
ZINC29330916, Q7ZJM1_9HIV1, 1.059931441
ZINC01543773, Q864F1_PIG, 1.848566104
ZINC03816310, Q864F1_PIG, 1.27976049
ZINC03820040, Q864F1_PIG, 1.037147678
ZINC03978827, Q864F1_PIG, 1.051019197
ZINC05977595, Q864F1_PIG, 1.126544516
ZINC49823269, Q864F1_PIG, 1.356706969
ZINC49823270, Q864F1_PIG, 1.356635765
ZINC49823271, Q864F1_PIG, 1.356565815
ZINC49823272, Q864F1_PIG, 1.356515772
ZINC00332634, Q8JXU8_9HEPC, 1.040624215
ZINC01687323, Q8JXU8_9HEPC, 0.9741265579
ZINC01702555, Q8JXU8_9HEPC, 0.986286129
ZINC01733926, Q8JXU8_9HEPC, 1.040434142
ZINC03860715, Q8JXU8_9HEPC, 2.19574421
ZINC04393164, Q8JXU8_9HEPC, 0.9274507801
ZINC12501627, Q8JXU8_9HEPC, 1.095781085
ZINC12501629, Q8JXU8_9HEPC, 1.09580008
ZINC13779479, Q8JXU8_9HEPC, 0.9857527441
ZINC13779480, Q8JXU8_9HEPC, 1.023135485
ZINC28103203, Q8T8E9_9TRYP, 1.324247597
ZINC28563767, Q8T8E9_9TRYP, 1.377208702
ZINC28564296, Q8T8E9_9TRYP, 1.377214679
ZINC03816409, Q965D5_PLAFA, 1.105877183
ZINC05932684, Q965D5_PLAFA, 0.9471828913
ZINC12501080, Q965D5_PLAFA, 0.9472586276
ZINC03954923, Q9N6S8_PLAFA, 0.9002537856
ZINC03993799, Q9N6S8_PLAFA, 0.9003151048
ZINC36379291, Q9N6S8_PLAFA, 0.9544478517
ZINC42893657, Q9N6S8_PLAFA, 0.952819508
ZINC00527386, Q9WTR4_RAT, 0.9704111022
ZINC01534967, Q9WTR4_RAT, 1.038893644
ZINC06019879, Q9WTR4_RAT, 0.9184771136
ZINC01533679, QPCT_HUMAN, 0.9424708097
ZINC08022586, QPCT_HUMAN, 0.9366525927
ZINC13683289, QPCT_HUMAN, 1.090527421
ZINC40423157, QPCT_HUMAN, 0.9789363756
ZINC40423296, QPCT_HUMAN, 0.9774623921
ZINC49878620, QPCT_HUMAN, 0.979518536
ZINC00602803, RAF1_HUMAN, 0.9140931902
ZINC03938688, RAF1_HUMAN, 0.9191742407
ZINC03964325, RAF1_HUMAN, 0.9016349086
ZINC00602803, RET_HUMAN, 0.9530448889
ZINC18825334, RET_HUMAN, 1.026630279
ZINC22448983, RET_HUMAN, 1.002460854
ZINC03814434, RIPK1_HUMAN, 0.9127606034
ZINC03964325, RIPK2_HUMAN, 0.9001446412
ZINC03812168, ROCK1_HUMAN, 1.156684898
ZINC03814434, ROCK2_HUMAN, 1.033790406
ZINC36269777, S1PR1_HUMAN, 1.01523291
ZINC36269777, S1PR5_HUMAN, 0.9114070468
ZINC00538564, S5A1_RAT, 0.9588355132
ZINC00897408, S5A1_RAT, 0.9588668884
ZINC00538564, S5A2_RAT, 0.9559781347
ZINC00897408, S5A2_RAT, 0.9560094934
ZINC01539136, SAHH_HUMAN, 0.9652046773
ZINC01546076, SAHH_HUMAN, 0.908120064
ZINC02511843, SAHH_HUMAN, 0.9841632545
ZINC00527386, SC6A2_HUMAN, 0.9517706306
ZINC01534967, SC6A2_HUMAN, 1.036074743
ZINC00020245, SC6A3_HUMAN, 0.9232852522
ZINC00527386, SC6A3_HUMAN, 0.9549079873
ZINC01534967, SC6A3_HUMAN, 1.039750005
ZINC00002275, SC6A3_RAT, 0.9051225912
ZINC00002284, SC6A3_RAT, 0.9432449189
ZINC00006923, SC6A3_RAT, 0.9051220162
ZINC00020245, SC6A3_RAT, 0.9390447489
ZINC00527386, SC6A3_RAT, 1.003146756
ZINC01534967, SC6A3_RAT, 1.075596092
ZINC03996032, SC6A3_RAT, 0.9051462472
ZINC06019879, SC6A3_RAT, 0.9500016992
ZINC13613346, SC6A3_RAT, 0.9063908243
ZINC53122793, SC6A3_RAT, 0.9189212911
ZINC01534967, SC6A4_HUMAN, 1.009996498
ZINC13613346, SC6A4_HUMAN, 0.9081265378
ZINC00527386, SC6A4_RAT, 0.9981018167
ZINC01534967, SC6A4_RAT, 1.069145676
ZINC06019879, SC6A4_RAT, 0.9443991336
ZINC13613346, SC6A4_RAT, 0.9120739053
ZINC53122793, SC6A4_RAT, 0.9130753879
ZINC00602172, SCN1A_HUMAN, 0.990681897
ZINC01530811, SCN1A_HUMAN, 1.05741097
ZINC13733884, SCN1A_HUMAN, 1.035701509
ZINC13733890, SCN1A_HUMAN, 1.03568847
ZINC13733893, SCN1A_HUMAN, 1.035700664
ZINC14982453, SCN1A_HUMAN, 1.073066609
ZINC22034381, SCN1A_HUMAN, 0.9492404529
ZINC26506755, SCN1A_HUMAN, 0.9928226616
ZINC42878005, SCN1A_HUMAN, 0.9399822651
ZINC43152618, SCN1A_HUMAN, 0.978236571
ZINC72110942, SCN1A_HUMAN, 1.046890912
ZINC00602172, SCN2A_HUMAN, 0.9699586303
ZINC01530811, SCN2A_HUMAN, 1.0475946
ZINC13733884, SCN2A_HUMAN, 1.026131162
ZINC13733890, SCN2A_HUMAN, 1.026126175
ZINC13733893, SCN2A_HUMAN, 1.026132491
ZINC22034381, SCN2A_HUMAN, 0.94043665
ZINC26506755, SCN2A_HUMAN, 0.9835417529
ZINC42878005, SCN2A_HUMAN, 0.9311888093
ZINC72110942, SCN2A_HUMAN, 1.037093744
ZINC00602172, SCN3A_HUMAN, 0.9680641198
ZINC01530811, SCN3A_HUMAN, 1.045581357
ZINC13733884, SCN3A_HUMAN, 1.024173397
ZINC13733890, SCN3A_HUMAN, 1.024168383
ZINC13733893, SCN3A_HUMAN, 1.024174634
ZINC22034381, SCN3A_HUMAN, 0.9386320144
ZINC26506755, SCN3A_HUMAN, 0.9816530784
ZINC42878005, SCN3A_HUMAN, 0.9293987226
ZINC43152618, SCN3A_HUMAN, 0.9672270835
ZINC00602172, SCN8A_HUMAN, 0.9932100464
ZINC01530811, SCN8A_HUMAN, 1.060202006
ZINC13733884, SCN8A_HUMAN, 1.03837964
ZINC13733890, SCN8A_HUMAN, 1.038366652
ZINC13733893, SCN8A_HUMAN, 1.038378953
ZINC14982453, SCN8A_HUMAN, 1.075834798
ZINC22034381, SCN8A_HUMAN, 0.9517537029
ZINC26506755, SCN8A_HUMAN, 0.9954475203
ZINC42878005, SCN8A_HUMAN, 0.9425269162
ZINC43152618, SCN8A_HUMAN, 0.9808926344
ZINC72110942, SCN8A_HUMAN, 1.049725503
ZINC00001600, SGMR1_CAVPO, 0.9643187415
ZINC00004902, SGMR1_CAVPO, 0.9248369946
ZINC04215196, SGMR1_CAVPO, 0.9355139432
ZINC05561290, SGMR1_CAVPO, 0.9908031622
ZINC22066510, SGMR1_CAVPO, 0.9624366685
ZINC29206920, SGMR1_CAVPO, 0.9370286034
ZINC38321402, SGMR1_CAVPO, 0.9951156662
ZINC58512951, SGMR1_CAVPO, 0.9362650177
ZINC00001600, SGMR1_HUMAN, 1.072725026
ZINC00004902, SGMR1_HUMAN, 1.028910953
ZINC02517042, SGMR1_HUMAN, 0.9953509902
ZINC03201907, SGMR1_HUMAN, 0.9119981816
ZINC03783617, SGMR1_HUMAN, 0.9801797759
ZINC03812983, SGMR1_HUMAN, 0.9506990056
ZINC03812984, SGMR1_HUMAN, 0.9709029871
ZINC03870315, SGMR1_HUMAN, 0.9340491426
ZINC03874473, SGMR1_HUMAN, 0.9013014088
ZINC03874479, SGMR1_HUMAN, 0.9221327545
ZINC03875420, SGMR1_HUMAN, 0.9384851066
ZINC03995327, SGMR1_HUMAN, 0.9077842621
ZINC04102215, SGMR1_HUMAN, 0.9855891526
ZINC04215196, SGMR1_HUMAN, 1.040510826
ZINC04216763, SGMR1_HUMAN, 1.000238831
ZINC05561290, SGMR1_HUMAN, 1.102070105
ZINC05966698, SGMR1_HUMAN, 0.9454791486
ZINC13580323, SGMR1_HUMAN, 0.9993827461
ZINC22066510, SGMR1_HUMAN, 1.070270981
ZINC22454243, SGMR1_HUMAN, 0.9872445764
ZINC22920326, SGMR1_HUMAN, 1.028067155
ZINC29206920, SGMR1_HUMAN, 1.042226444
ZINC38321402, SGMR1_HUMAN, 1.106815089
ZINC53147203, SGMR1_HUMAN, 0.9048003261
ZINC58512951, SGMR1_HUMAN, 1.041420961
ZINC00001600, SGMR1_RAT, 1.035351602
ZINC00004902, SGMR1_RAT, 0.9929429056
ZINC00013635, SGMR1_RAT, 0.9573988998
ZINC02517042, SGMR1_RAT, 0.960779442
ZINC03201907, SGMR1_RAT, 0.9039338162
ZINC03783617, SGMR1_RAT, 0.9460850359
ZINC03812983, SGMR1_RAT, 0.9183622722
ZINC03870315, SGMR1_RAT, 0.9015941649
ZINC03875420, SGMR1_RAT, 0.9060224741
ZINC03995923, SGMR1_RAT, 0.9481820889
ZINC04102215, SGMR1_RAT, 0.951282025
ZINC04215196, SGMR1_RAT, 1.004315651
ZINC04216763, SGMR1_RAT, 0.9654435652
ZINC05561290, SGMR1_RAT, 1.063709609
ZINC05966698, SGMR1_RAT, 0.9125822185
ZINC13580323, SGMR1_RAT, 0.9645826272
ZINC22066510, SGMR1_RAT, 1.033118694
ZINC22454243, SGMR1_RAT, 0.9528681993
ZINC22920326, SGMR1_RAT, 0.9905134521
ZINC29206920, SGMR1_RAT, 1.005967001
ZINC58512951, SGMR1_RAT, 1.005171789
ZINC00012513, SHH_MOUSE, 0.9617359452
ZINC01566904, SHH_MOUSE, 0.9614513686
ZINC13952160, SHH_MOUSE, 1.019530119
ZINC11617039, SLK_HUMAN, 0.9043644547
ZINC00012513, SMO_HUMAN, 0.9609513242
ZINC01566904, SMO_HUMAN, 0.9610991895
ZINC13952160, SMO_HUMAN, 1.021426442
ZINC00602803, SRC_HUMAN, 0.9004890645
ZINC03820040, SRC_HUMAN, 0.9128969568
ZINC11617039, SRC_HUMAN, 0.9013257175
ZINC18825334, SRC_HUMAN, 0.9336467422
ZINC22448983, SRC_HUMAN, 0.9646510345
ZINC23247639, SRC_HUMAN, 0.9210427772
ZINC24044436, SRC_HUMAN, 0.9931258672
ZINC27439698, SRC_HUMAN, 0.9518071175
ZINC03964325, STK36_HUMAN, 0.9098044716
ZINC00753111, TBA1A_RAT, 0.9046396713
ZINC00753111, TBB1_HUMAN, 1.002997234
ZINC00006651, TF65_HUMAN, 1.034101023
ZINC00018551, TF65_HUMAN, 1.034004464
ZINC06070256, TF65_HUMAN, 0.919023814
ZINC00179593, THAS_HUMAN, 1.053902883
ZINC00341556, THAS_HUMAN, 1.052513365
ZINC01490484, THAS_HUMAN, 1.048458423
ZINC03930111, THAS_HUMAN, 1.0758222
ZINC05774261, THAS_HUMAN, 1.054565192
ZINC13576034, THAS_HUMAN, 1.062233262
ZINC13704662, THAS_HUMAN, 1.07579667
ZINC17029224, THAS_HUMAN, 1.0715346
ZINC18116590, THAS_HUMAN, 0.9281381446
ZINC19798714, THAS_HUMAN, 0.9817352489
ZINC29126828, THAS_HUMAN, 1.062101488
ZINC29127489, THAS_HUMAN, 1.07081528
ZINC03807246, THRB_HUMAN, 1.292647784
ZINC13800223, THRB_HUMAN, 0.9724695078
ZINC03964325, TIE1_HUMAN, 0.9411173512
ZINC11617039, TIE2_HUMAN, 0.913445013
ZINC21982951, TIE2_HUMAN, 1.002430451
ZINC27439698, TIE2_HUMAN, 0.9565795032
ZINC03964325, TNI3K_HUMAN, 0.9281122214
ZINC03938688, TNIK_HUMAN, 0.9422366421
ZINC00621853, TOP1_HUMAN, 1.361260762
ZINC00753111, TOP1_HUMAN, 1.13367873
ZINC01584949, TOP1_HUMAN, 1.031652611
ZINC01587241, TOP1_HUMAN, 1.027642568
ZINC03675784, TOP1_HUMAN, 0.9208820431
ZINC03861806, TOP1_HUMAN, 1.504023693
ZINC05203255, TOP1_HUMAN, 1.069617473
ZINC13452167, TOP1_HUMAN, 1.066676728
ZINC13782181, TOP1_HUMAN, 0.9209092781
ZINC03607120, TOP2A_HUMAN, 0.9652476909
ZINC21982951, TOP2A_HUMAN, 0.9729763652
ZINC01039775, TPP2_RAT, 0.9156636213
ZINC05420970, TRPA1_HUMAN, 0.9742340203
ZINC13514984, TRPA1_HUMAN, 0.9003689063
ZINC40430394, TRPV1_HUMAN, 0.9144845648
ZINC05751469, TRY1_HUMAN, 0.9217026213
ZINC00001763, TRY2_HUMAN, 0.9017280147
ZINC12496349, TSPO_RAT, 0.9454107808
ZINC13508043, TSPO_RAT, 1.125591044
ZINC13519257, TSPO_RAT, 0.9454050788
ZINC13556870, TSPO_RAT, 0.9408996361
ZINC13557565, TSPO_RAT, 0.9591328727
ZINC24433941, TSPO_RAT, 1.138745782
ZINC26752503, TSPO_RAT, 1.12558239
ZINC26819872, TSPO_RAT, 1.311629068
ZINC26819877, TSPO_RAT, 1.311630683
ZINC26973597, TSPO_RAT, 1.311629421
ZINC26973607, TSPO_RAT, 1.311632877
ZINC71789367, TSPO_RAT, 0.9506628203
ZINC71789371, TSPO_RAT, 1.125601719
ZINC71789372, TSPO_RAT, 1.125610465
ZINC71789374, TSPO_RAT, 0.9548965031
ZINC71789375, TSPO_RAT, 0.9548931448
ZINC03816310, TTHY_HUMAN, 0.9059096495
ZINC03860856, TTHY_HUMAN, 1.289153756
ZINC05764539, TTHY_HUMAN, 1.155099757
ZINC21288966, TTK_HUMAN, 0.9038806961
ZINC00257134, TYRO_AGABI, 0.9677391607
ZINC00848329, TYRO_AGABI, 1.206175726
ZINC03870237, TYRO_AGABI, 1.00330653
ZINC03872713, TYRO_AGABI, 1.003293638
ZINC05178422, TYRO_AGABI, 1.003408368
ZINC08021086, TYRO_AGABI, 0.9145523309
ZINC08143632, TYRO_AGABI, 1.37840535
ZINC10971638, TYRO_AGABI, 1.200071011
ZINC10971696, TYRO_AGABI, 1.202213614
ZINC27436162, TYRO_AGABI, 1.323402034
ZINC36177047, TYRO_AGABI, 0.9045379974
ZINC45288748, TYRO_AGABI, 1.20681809
ZINC49872225, TYRO_AGABI, 1.044942945
ZINC53314424, TYRO_AGABI, 1.378439268
ZINC00000640, TYSY_MOUSE, 0.9133985931
ZINC00598852, TYSY_MOUSE, 0.9495902331
ZINC01529323, TYSY_MOUSE, 0.9048071117
ZINC06920406, TYSY_MOUSE, 0.9048153961
ZINC00001763, UROK_HUMAN, 0.9369912165
ZINC03778392, UROK_HUMAN, 0.9023655326
ZINC03807246, UROK_HUMAN, 1.120109801
ZINC03936607, UROK_HUMAN, 0.9179229847
ZINC00781553, VACHT_HUMAN, 0.9121145065
ZINC00781555, VACHT_HUMAN, 0.9119206931
ZINC00781556, VACHT_HUMAN, 0.912015218
ZINC00793392, VACHT_HUMAN, 0.9161517481
ZINC00967243, VACHT_HUMAN, 0.9622359091
ZINC01213187, VACHT_HUMAN, 0.9151690719
ZINC02485286, VACHT_HUMAN, 0.9116449668
ZINC04617893, VACHT_HUMAN, 1.017925662
ZINC06239834, VACHT_HUMAN, 0.9622357832
ZINC06733279, VACHT_HUMAN, 1.015800995
ZINC08536348, VACHT_HUMAN, 1.028521688
ZINC08871904, VACHT_HUMAN, 0.9120130291
ZINC13515668, VACHT_HUMAN, 1.197645352
ZINC13679213, VACHT_HUMAN, 0.9246494379
ZINC14974435, VACHT_HUMAN, 1.117475242
ZINC14974449, VACHT_HUMAN, 0.9173028763
ZINC14974583, VACHT_HUMAN, 0.9173657397
ZINC14974931, VACHT_HUMAN, 1.061981788
ZINC20411962, VACHT_HUMAN, 0.9264916583
ZINC28376640, VACHT_HUMAN, 0.9647615078
ZINC34717850, VACHT_HUMAN, 1.032162655
ZINC49792055, VACHT_HUMAN, 1.069899808
ZINC13829435, VCAM1_HUMAN, 0.9523113828
ZINC00602803, VGFR1_HUMAN, 0.9366183884
ZINC13493055, VGFR1_HUMAN, 0.9895756381
ZINC18710082, VGFR1_HUMAN, 1.05449907
ZINC22448983, VGFR1_HUMAN, 1.141242355
ZINC23247639, VGFR1_HUMAN, 1.045955653
ZINC27439698, VGFR1_HUMAN, 1.059472574
ZINC28950516, VGFR1_HUMAN, 0.9895239528
ZINC00598970, VGFR2_HUMAN, 1.048409629
ZINC02563947, VGFR2_HUMAN, 1.048539455
ZINC03872446, VGFR2_HUMAN, 1.003913985
ZINC00602803, VGFR3_HUMAN, 0.9266048145
ZINC16697102, VGFR3_HUMAN, 1.013850011
ZINC21982951, VGFR3_HUMAN, 1.031645153
ZINC22448983, VGFR3_HUMAN, 1.055013509
ZINC27439698, VGFR3_HUMAN, 0.9923307749
ZINC13474734, XDH_BOVIN, 1.277066343
ZINC13555902, XDH_BOVIN, 1.133417552
ZINC13474734, XDH_HUMAN, 1.150462581
ZINC13555902, XDH_HUMAN, 1.021054684
ZINC00006694, Y1284_MYCTU, 1.007597593
ZINC00407042, Y1284_MYCTU, 0.9263831794
ZINC03938688, YES_HUMAN, 0.9107003168
