LowRank_U	LowRank_V	p7	p8	Top1avgRec	Top1stdRec	Top2avgRec	Top2stdRec	Top3avgRec	Top3stdRec	Top4avgRec	Top4stdRec
  256	    2	0	0	0.17254	0.032322	0.35981	0.04102	0.54586	0.057663	0.8214	0.021919
  256	    2	0	0.33	0.18798	0.02789	0.3701	0.017472	0.54382	0.026087	0.79176	0.042131
  256	    2	0	0.66	0.20423	0.023134	0.38856	0.037523	0.5739	0.046676	0.83334	0.031328
  256	    2	0	0.99	0.18304	0.030001	0.37733	0.027868	0.5715	0.024614	0.82349	0.013654
  256	    2	0.33	0	0.24487	0.0089068	0.49533	0.0078949	0.7161	0.0062085	0.88654	0.005819
  256	    2	0.33	0.33	0.24903	0.014153	0.50452	0.014398	0.71565	0.0067915	0.88654	0.005819
  256	    2	0.33	0.66	0.24932	0.0081597	0.49323	0.0078781	0.71632	0.0065883	0.88618	0.0061294
  256	    2	0.33	0.99	0.25303	0.010776	0.4948	0.0061944	0.7161	0.0062085	0.88654	0.005819
  256	    2	0.66	0	0.25153	0.0086885	0.49465	0.0080605	0.71622	0.0061255	0.88654	0.005819
  256	    2	0.66	0.33	0.24502	0.0050768	0.49521	0.0074995	0.7161	0.0062085	0.88654	0.005819
  256	    2	0.66	0.66	0.24135	0.0088842	0.4927	0.0079838	0.71352	0.0041055	0.88654	0.005819
  256	    2	0.66	0.99	0.24318	0.006414	0.49512	0.0077481	0.71591	0.0058953	0.88654	0.005819
  256	    2	0.99	0	0.24489	0.0066514	0.49546	0.0079909	0.71612	0.0046193	0.88654	0.005819
  256	    2	0.99	0.33	0.24436	0.0062604	0.49546	0.0078595	0.71562	0.0054357	0.88654	0.005819
  256	    2	0.99	0.66	0.24335	0.0050362	0.49536	0.0078536	0.71644	0.0062579	0.88654	0.005819
  256	    2	0.99	0.99	0.24366	0.0063811	0.49527	0.0079768	0.71712	0.0055708	0.88654	0.005819
  256	    3	0	0	0.12464	0.021265	0.2699	0.026437	0.51316	0.037062	0.7576	0.052483
  256	    3	0	0.33	0.14712	0.021524	0.2895	0.021135	0.53432	0.061812	0.77351	0.038078
  256	    3	0	0.66	0.13644	0.033666	0.30811	0.043843	0.5256	0.039795	0.78937	0.034651
  256	    3	0	0.99	0.11827	0.017385	0.27667	0.045094	0.51591	0.03505	0.76822	0.026702
  256	    3	0.33	0	0.25103	0.012657	0.49689	0.014714	0.71553	0.0040898	0.8859	0.0059942
  256	    3	0.33	0.33	0.24874	0.009018	0.49112	0.0071854	0.71334	0.0033816	0.88692	0.0059239
  256	    3	0.33	0.66	0.23495	0.010897	0.49081	0.0061113	0.71551	0.0062649	0.88648	0.0059271
  256	    3	0.33	0.99	0.23915	0.00979	0.49477	0.01307	0.71553	0.0069606	0.88645	0.0059816
  256	    3	0.66	0	0.24936	0.010703	0.49312	0.0050371	0.71616	0.0061243	0.88654	0.005819
  256	    3	0.66	0.33	0.24292	0.0061934	0.49412	0.008489	0.7169	0.0045391	0.88654	0.005819
  256	    3	0.66	0.66	0.24266	0.0095592	0.49289	0.011791	0.71651	0.0047105	0.88654	0.005819
  256	    3	0.66	0.99	0.24456	0.0058822	0.49512	0.0080195	0.7161	0.0062085	0.88654	0.005819
  256	    3	0.99	0	0.2431	0.0062311	0.49412	0.0072706	0.71675	0.0067802	0.88654	0.005819
  256	    3	0.99	0.33	0.24538	0.0054982	0.49459	0.0092858	0.71785	0.0056634	0.88654	0.005819
  256	    3	0.99	0.66	0.24653	0.0079433	0.49515	0.0080344	0.7161	0.0062085	0.88654	0.005819
  256	    3	0.99	0.99	0.2447	0.0076574	0.49521	0.0079494	0.71681	0.0064164	0.88654	0.005819
  256	    4	0	0	0.12063	0.0152	0.29557	0.015236	0.51947	0.028651	0.79492	0.031443
  256	    4	0	0.33	0.1058	0.042728	0.26168	0.035873	0.51332	0.056179	0.7826	0.054897
  256	    4	0	0.66	0.11507	0.025819	0.27034	0.053513	0.51867	0.049747	0.79469	0.024411
  256	    4	0	0.99	0.10407	0.014878	0.2844	0.030451	0.52677	0.041773	0.80581	0.020634
  256	    4	0.33	0	0.24519	0.022474	0.498	0.027184	0.71271	0.013062	0.88526	0.0050776
  256	    4	0.33	0.33	0.25057	0.016108	0.49635	0.003789	0.71488	0.0078978	0.88677	0.0062098
  256	    4	0.33	0.66	0.24923	0.0069523	0.49557	0.0089719	0.71536	0.0071763	0.8844	0.0051844
  256	    4	0.33	0.99	0.23646	0.017038	0.4918	0.018949	0.71427	0.0045198	0.88668	0.0059867
  256	    4	0.66	0	0.24759	0.0087926	0.50017	0.011188	0.71643	0.0054388	0.88646	0.0058816
  256	    4	0.66	0.33	0.24364	0.0043189	0.49434	0.0063835	0.71685	0.0068833	0.88654	0.005819
  256	    4	0.66	0.66	0.24713	0.016147	0.49663	0.012043	0.71614	0.006279	0.88661	0.0058904
  256	    4	0.66	0.99	0.25111	0.0091721	0.50385	0.014685	0.71828	0.0065246	0.88661	0.005895
  256	    4	0.99	0	0.24462	0.0063971	0.4948	0.0069717	0.7161	0.0062085	0.88654	0.005819
  256	    4	0.99	0.33	0.24372	0.0079539	0.49428	0.0079545	0.71638	0.006419	0.88654	0.005819
  256	    4	0.99	0.66	0.24357	0.0070454	0.48946	0.0054318	0.71631	0.0063128	0.88654	0.005819
  256	    4	0.99	0.99	0.24528	0.0076138	0.4947	0.008462	0.7158	0.0059123	0.88636	0.0059669
  256	    5	0	0	0.093012	0.022881	0.27701	0.02874	0.51248	0.022485	0.79379	0.034147
  256	    5	0	0.33	0.089021	0.031651	0.26717	0.027044	0.54382	0.02349	0.80118	0.023849
  256	    5	0	0.66	0.097277	0.019937	0.27089	0.025219	0.52742	0.03838	0.78063	0.031134
  256	    5	0	0.99	0.11072	0.018003	0.2844	0.028632	0.51753	0.03398	0.78308	0.019505
  256	    5	0.33	0	0.24213	0.024252	0.50415	0.020933	0.71681	0.0064648	0.88686	0.0055994
  256	    5	0.33	0.33	0.23804	0.026777	0.49594	0.012208	0.7141	0.004671	0.88654	0.005819
  256	    5	0.33	0.66	0.24673	0.019811	0.50235	0.012897	0.7151	0.0050743	0.88658	0.0058567
  256	    5	0.33	0.99	0.25738	0.01456	0.50294	0.013783	0.7165	0.0060134	0.88654	0.005819
  256	    5	0.66	0	0.24663	0.01675	0.49269	0.0060006	0.71509	0.0048432	0.88654	0.005819
  256	    5	0.66	0.33	0.26016	0.014347	0.49775	0.010294	0.71823	0.0057063	0.88654	0.005819
  256	    5	0.66	0.66	0.24813	0.013305	0.49655	0.0088894	0.71589	0.0065027	0.88654	0.005819
  256	    5	0.66	0.99	0.24335	0.013593	0.50226	0.014063	0.71524	0.0074932	0.88654	0.005819
  256	    5	0.99	0	0.24909	0.01057	0.49591	0.0077418	0.71517	0.0062209	0.88654	0.005819
  256	    5	0.99	0.33	0.24534	0.0068637	0.4939	0.0070205	0.71523	0.0057897	0.88654	0.005819
  256	    5	0.99	0.66	0.24114	0.0051667	0.49695	0.013422	0.71675	0.0068569	0.88654	0.005819
  256	    5	0.99	0.99	0.24228	0.010671	0.49347	0.0064652	0.71682	0.0047232	0.88654	0.005819
  512	    2	0	0	0.1827	0.034203	0.36487	0.030459	0.54297	0.03423	0.81627	0.013041
  512	    2	0	0.33	0.19506	0.012055	0.36305	0.025411	0.57137	0.038533	0.8258	0.010315
  512	    2	0	0.66	0.17556	0.02368	0.37718	0.039031	0.57285	0.02663	0.81798	0.033336
  512	    2	0	0.99	0.20289	0.028487	0.37196	0.029226	0.58182	0.020603	0.81817	0.024815
  512	    2	0.33	0	0.24963	0.019454	0.49507	0.014822	0.71619	0.0063695	0.88628	0.0060408
  512	    2	0.33	0.33	0.24512	0.014336	0.49545	0.011478	0.71576	0.0057918	0.88654	0.005819
  512	    2	0.33	0.66	0.2451	0.0073958	0.49351	0.0072305	0.71548	0.0052209	0.88642	0.0059148
  512	    2	0.33	0.99	0.2581	0.007675	0.50908	0.014377	0.71843	0.0059756	0.88637	0.0056437
  512	    2	0.66	0	0.24547	0.0055174	0.49683	0.0082792	0.71843	0.0056043	0.88654	0.005819
  512	    2	0.66	0.33	0.24327	0.0049802	0.49411	0.0096145	0.71622	0.0060889	0.88654	0.005819
  512	    2	0.66	0.66	0.24641	0.0096097	0.49468	0.0074221	0.7161	0.0062085	0.88654	0.005819
  512	    2	0.66	0.99	0.24842	0.010586	0.49247	0.0062824	0.71617	0.005528	0.8867	0.0058484
  512	    2	0.99	0	0.24471	0.0066651	0.49533	0.0078949	0.71666	0.0066819	0.88654	0.005819
  512	    2	0.99	0.33	0.24428	0.0073319	0.49515	0.0076379	0.71694	0.0069912	0.88654	0.005819
  512	    2	0.99	0.66	0.24381	0.0080205	0.4953	0.0078511	0.7161	0.0062085	0.88654	0.005819
  512	    2	0.99	0.99	0.24362	0.0064562	0.49446	0.009167	0.71573	0.0066246	0.88654	0.005819
  512	    3	0	0	0.13469	0.043439	0.27777	0.049006	0.50112	0.055862	0.76767	0.029612
  512	    3	0	0.33	0.143	0.036659	0.32253	0.019339	0.55414	0.031103	0.8004	0.015228
  512	    3	0	0.66	0.15151	0.0443	0.31604	0.057445	0.5555	0.049597	0.77966	0.057253
  512	    3	0	0.99	0.12277	0.024587	0.27667	0.026513	0.51792	0.027306	0.77788	0.012336
  512	    3	0.33	0	0.2487	0.013511	0.50852	0.019242	0.71616	0.0061474	0.88654	0.005819
  512	    3	0.33	0.33	0.2438	0.026384	0.5046	0.018467	0.71582	0.005801	0.88662	0.0059079
  512	    3	0.33	0.66	0.24501	0.023244	0.49895	0.014862	0.71427	0.0066222	0.88651	0.0058729
  512	    3	0.33	0.99	0.22927	0.034474	0.49651	0.014826	0.71493	0.0074206	0.88613	0.0054106
  512	    3	0.66	0	0.24888	0.0084789	0.5063	0.016811	0.71645	0.0058744	0.88654	0.005819
  512	    3	0.66	0.33	0.23966	0.0078702	0.49159	0.0079635	0.71601	0.0063384	0.88654	0.005819
  512	    3	0.66	0.66	0.25062	0.010049	0.50064	0.010322	0.71803	0.0076068	0.88661	0.005895
  512	    3	0.66	0.99	0.25091	0.012728	0.50782	0.015954	0.71799	0.0054999	0.88654	0.005819
  512	    3	0.99	0	0.2448	0.0061903	0.49374	0.0089558	0.71581	0.005727	0.88654	0.005819
  512	    3	0.99	0.33	0.24392	0.0063738	0.49533	0.0078949	0.71594	0.0064273	0.88654	0.005819
  512	    3	0.99	0.66	0.2498	0.01304	0.49504	0.0077208	0.7161	0.0062085	0.88654	0.005819
  512	    3	0.99	0.99	0.2439	0.0063828	0.49441	0.0084152	0.71736	0.0048339	0.88654	0.005819
  512	    4	0	0	0.097203	0.036129	0.25577	0.051189	0.5148	0.05407	0.80316	0.030283
  512	    4	0	0.33	0.10535	0.02124	0.2512	0.019274	0.47534	0.035894	0.76075	0.040039
  512	    4	0	0.66	0.12449	0.049327	0.29386	0.070986	0.52942	0.037733	0.81199	0.024747
  512	    4	0	0.99	0.10756	0.029006	0.2789	0.033339	0.51879	0.063974	0.80284	0.051325
  512	    4	0.33	0	0.24085	0.022518	0.50178	0.01539	0.71601	0.0062114	0.88668	0.0059867
  512	    4	0.33	0.33	0.23866	0.0086664	0.50613	0.017989	0.71486	0.0058936	0.88654	0.005819
  512	    4	0.33	0.66	0.23357	0.026647	0.49608	0.018391	0.71495	0.0066137	0.88514	0.004906
  512	    4	0.33	0.99	0.2217	0.033587	0.48242	0.028456	0.70716	0.019172	0.88421	0.010487
  512	    4	0.66	0	0.2415	0.0034051	0.49389	0.01066	0.71601	0.0061509	0.88654	0.005819
  512	    4	0.66	0.33	0.23797	0.0063539	0.49838	0.014405	0.71554	0.0051575	0.88654	0.005819
  512	    4	0.66	0.66	0.25439	0.014139	0.49996	0.015529	0.71776	0.0056254	0.88654	0.005819
  512	    4	0.66	0.99	0.24866	0.01501	0.49872	0.014588	0.71604	0.0061203	0.88654	0.005819
  512	    4	0.99	0	0.25416	0.0079071	0.50313	0.012825	0.71744	0.0056516	0.88654	0.005819
  512	    4	0.99	0.33	0.24187	0.0075383	0.49543	0.0051411	0.71762	0.0055839	0.88654	0.005819
  512	    4	0.99	0.66	0.24907	0.0051227	0.49444	0.0066849	0.7161	0.0062085	0.88654	0.005819
  512	    4	0.99	0.99	0.24413	0.007617	0.49724	0.006723	0.71818	0.0058567	0.88654	0.005819
  512	    5	0	0	0.11066	0.021393	0.27916	0.019002	0.49109	0.06106	0.78167	0.036324
  512	    5	0	0.33	0.087407	0.022398	0.25818	0.034086	0.49403	0.030069	0.76956	0.029366
  512	    5	0	0.66	0.070525	0.036168	0.23289	0.027337	0.47514	0.030541	0.78579	0.015859
  512	    5	0	0.99	0.078099	0.016199	0.26592	0.059512	0.53029	0.070138	0.79913	0.034975
  512	    5	0.33	0	0.23836	0.014621	0.49067	0.0092143	0.71594	0.0045191	0.88642	0.0057962
  512	    5	0.33	0.33	0.23671	0.015728	0.4999	0.013844	0.71359	0.0061862	0.88664	0.0059339
  512	    5	0.33	0.66	0.25338	0.017305	0.50166	0.01215	0.71405	0.0079107	0.88642	0.0064036
  512	    5	0.33	0.99	0.2285	0.034282	0.47201	0.048118	0.69864	0.031056	0.87948	0.016974
  512	    5	0.66	0	0.25048	0.0039819	0.49382	0.0041811	0.71576	0.0065869	0.88648	0.0057501
  512	    5	0.66	0.33	0.23548	0.015333	0.48868	0.010267	0.71497	0.0057556	0.88654	0.005819
  512	    5	0.66	0.66	0.2515	0.017548	0.50135	0.018297	0.71698	0.0061201	0.88673	0.0058568
  512	    5	0.66	0.99	0.25496	0.016002	0.50195	0.012551	0.71647	0.0069893	0.88654	0.005819
  512	    5	0.99	0	0.25399	0.012069	0.49514	0.0058982	0.71764	0.0045434	0.88654	0.005819
  512	    5	0.99	0.33	0.2428	0.0066782	0.49676	0.0108	0.71815	0.0043706	0.88654	0.005819
  512	    5	0.99	0.66	0.25703	0.014721	0.5011	0.007216	0.71812	0.0050959	0.88654	0.005819
  512	    5	0.99	0.99	0.23885	0.0094756	0.49266	0.0093106	0.71654	0.0052746	0.88654	0.005819
  768	    2	0	0	0.19453	0.0048614	0.35876	0.022392	0.54962	0.049815	0.80483	0.035038
  768	    2	0	0.33	0.17877	0.026642	0.35872	0.038918	0.56377	0.033385	0.82967	0.01707
  768	    2	0	0.66	0.18192	0.021929	0.36612	0.026256	0.5592	0.045022	0.78891	0.058868
  768	    2	0	0.99	0.19621	0.016074	0.38224	0.033799	0.57542	0.052431	0.80454	0.038307
  768	    2	0.33	0	0.25701	0.012542	0.50007	0.011256	0.71768	0.0056011	0.88648	0.0057501
  768	    2	0.33	0.33	0.24458	0.0072795	0.49419	0.0070568	0.7161	0.0062085	0.88654	0.005819
  768	    2	0.33	0.66	0.25114	0.013878	0.49653	0.013064	0.71604	0.0062946	0.88654	0.005819
  768	    2	0.33	0.99	0.24319	0.011859	0.49637	0.013765	0.71588	0.0058444	0.88628	0.0060408
  768	    2	0.66	0	0.24323	0.0064873	0.494	0.0085037	0.71697	0.0065131	0.88654	0.005819
  768	    2	0.66	0.33	0.24258	0.0045985	0.49135	0.0079504	0.71591	0.0060859	0.88661	0.005895
  768	    2	0.66	0.66	0.2447	0.0057936	0.49533	0.0078949	0.7174	0.0055508	0.88654	0.005819
  768	    2	0.66	0.99	0.2497	0.011265	0.4974	0.0073758	0.71902	0.0056359	0.88654	0.005819
  768	    2	0.99	0	0.24502	0.0057972	0.49533	0.0078949	0.71604	0.0061694	0.88654	0.005819
  768	    2	0.99	0.33	0.24429	0.0062386	0.49533	0.0078949	0.71961	0.0050973	0.88654	0.005819
  768	    2	0.99	0.66	0.24317	0.0038889	0.49468	0.0074608	0.7161	0.0062085	0.88654	0.005819
  768	    2	0.99	0.99	0.24203	0.0080934	0.49325	0.0061289	0.71607	0.0062513	0.88654	0.005819
  768	    3	0	0	0.17014	0.05533	0.31666	0.060643	0.55076	0.055583	0.81232	0.018802
  768	    3	0	0.33	0.14946	0.029316	0.32932	0.023923	0.55307	0.026181	0.82053	0.01641
  768	    3	0	0.66	0.13155	0.019459	0.30566	0.040011	0.53448	0.048747	0.77515	0.049121
  768	    3	0	0.99	0.10844	0.027238	0.30133	0.041857	0.5112	0.056038	0.78923	0.02883
  768	    3	0.33	0	0.23857	0.012999	0.49631	0.009612	0.7161	0.0062085	0.88654	0.005819
  768	    3	0.33	0.33	0.25911	0.01205	0.49578	0.0098007	0.71534	0.007367	0.88645	0.0057165
  768	    3	0.33	0.66	0.2239	0.019928	0.49617	0.010577	0.71652	0.0055839	0.88633	0.0055892
  768	    3	0.33	0.99	0.23855	0.012418	0.49916	0.01645	0.7166	0.0066193	0.88654	0.005819
  768	    3	0.66	0	0.25047	0.013138	0.50101	0.015737	0.71625	0.0060625	0.88654	0.005819
  768	    3	0.66	0.33	0.25196	0.013688	0.49333	0.0075584	0.71819	0.0059529	0.8867	0.0058484
  768	    3	0.66	0.66	0.24823	0.0072067	0.50247	0.014241	0.71682	0.0070046	0.88654	0.005819
  768	    3	0.66	0.99	0.26055	0.013746	0.50571	0.0089839	0.71873	0.0063249	0.88661	0.0058904
  768	    3	0.99	0	0.24588	0.0070175	0.49611	0.0064754	0.71635	0.0058842	0.88654	0.005819
  768	    3	0.99	0.33	0.24278	0.0055533	0.49705	0.0069921	0.71687	0.0063428	0.88654	0.005819
  768	    3	0.99	0.66	0.2449	0.006771	0.49109	0.0063036	0.71722	0.0058856	0.88654	0.005819
  768	    3	0.99	0.99	0.24243	0.0055418	0.49499	0.0077652	0.7161	0.0062085	0.88654	0.005819
  768	    4	0	0	0.12644	0.013044	0.29267	0.014805	0.53567	0.030855	0.78396	0.024687
  768	    4	0	0.33	0.13704	0.028642	0.29852	0.025375	0.55379	0.037104	0.81325	0.040924
  768	    4	0	0.66	0.12195	0.03002	0.28637	0.03839	0.5314	0.028794	0.78561	0.017143
  768	    4	0	0.99	0.1262	0.04558	0.27155	0.026507	0.52354	0.016295	0.78341	0.044687
  768	    4	0.33	0	0.2359	0.016409	0.50095	0.0091329	0.71605	0.0061178	0.88696	0.0063666
  768	    4	0.33	0.33	0.26044	0.0095987	0.50346	0.014555	0.71617	0.0059054	0.88773	0.0072148
  768	    4	0.33	0.66	0.22182	0.024445	0.49729	0.016145	0.71599	0.0068093	0.88649	0.0056456
  768	    4	0.33	0.99	0.25106	0.0099686	0.51756	0.010244	0.71625	0.0062193	0.88654	0.005819
  768	    4	0.66	0	0.252	0.015062	0.50553	0.015054	0.71644	0.0063524	0.88654	0.005819
  768	    4	0.66	0.33	0.24284	0.014058	0.5008	0.016403	0.71824	0.0063582	0.88654	0.005819
  768	    4	0.66	0.66	0.2445	0.010645	0.49266	0.010814	0.71539	0.0050889	0.88654	0.005819
  768	    4	0.66	0.99	0.24845	0.0071637	0.49658	0.0091351	0.71763	0.0054737	0.88661	0.005895
  768	    4	0.99	0	0.2447	0.0069513	0.49652	0.0057711	0.71738	0.0068414	0.88654	0.005819
  768	    4	0.99	0.33	0.24688	0.0079523	0.49428	0.0077569	0.71586	0.0053155	0.88654	0.005819
  768	    4	0.99	0.66	0.25694	0.017814	0.49549	0.008384	0.71808	0.0065493	0.88654	0.005819
  768	    4	0.99	0.99	0.24603	0.0066363	0.49357	0.0070179	0.71821	0.0058793	0.88654	0.005819
  768	    5	0	0	0.10125	0.025219	0.27196	0.034612	0.5444	0.035503	0.79483	0.024492
  768	    5	0	0.33	0.1025	0.032484	0.26664	0.037636	0.49785	0.037538	0.77419	0.030231
  768	    5	0	0.66	0.09213	0.024038	0.2767	0.038676	0.52031	0.043247	0.78139	0.043824
  768	    5	0	0.99	0.10402	0.037167	0.28031	0.021488	0.53929	0.043296	0.80993	0.03058
  768	    5	0.33	0	0.2239	0.015521	0.50306	0.015382	0.71434	0.0043913	0.88658	0.0058232
  768	    5	0.33	0.33	0.23069	0.015289	0.50538	0.022489	0.71392	0.0053841	0.88614	0.0053865
  768	    5	0.33	0.66	0.23368	0.026737	0.48482	0.017022	0.71415	0.0085179	0.88723	0.0047373
  768	    5	0.33	0.99	0.23989	0.029185	0.50911	0.015498	0.71437	0.0075351	0.88663	0.0052154
  768	    5	0.66	0	0.25494	0.021183	0.49492	0.012382	0.71609	0.0062227	0.88654	0.005819
  768	    5	0.66	0.33	0.24932	0.012543	0.50111	0.015059	0.71713	0.0065266	0.88654	0.005819
  768	    5	0.66	0.66	0.23555	0.013641	0.48951	0.0092623	0.71685	0.0069315	0.88654	0.005819
  768	    5	0.66	0.99	0.25112	0.019493	0.4974	0.014287	0.7147	0.0043081	0.88654	0.005819
  768	    5	0.99	0	0.24516	0.0092162	0.49081	0.0071795	0.71678	0.0055069	0.88654	0.005819
  768	    5	0.99	0.33	0.25978	0.020925	0.50389	0.013701	0.71921	0.0033065	0.88654	0.005819
  768	    5	0.99	0.66	0.25062	0.011968	0.49779	0.011856	0.716	0.0054574	0.88654	0.005819
  768	    5	0.99	0.99	0.24392	0.0084237	0.49579	0.0097757	0.71747	0.005556	0.88654	0.005819
 1024	    2	0	0	0.19509	0.018902	0.38765	0.018662	0.58996	0.025175	0.81585	0.032553
 1024	    2	0	0.33	0.20892	0.020955	0.36531	0.019979	0.57312	0.042158	0.83881	0.025244
 1024	    2	0	0.66	0.19499	0.025137	0.39227	0.022275	0.59767	0.018525	0.83341	0.01758
 1024	    2	0	0.99	0.18363	0.015962	0.35407	0.018099	0.56275	0.027634	0.83144	0.013747
 1024	    2	0.33	0	0.25601	0.017242	0.50718	0.017461	0.71666	0.0057571	0.88636	0.0057059
 1024	    2	0.33	0.33	0.23721	0.01041	0.49132	0.014452	0.71588	0.0058444	0.88642	0.0059148
 1024	    2	0.33	0.66	0.25385	0.0087297	0.50296	0.016031	0.71591	0.0060999	0.88658	0.0058232
 1024	    2	0.33	0.99	0.24681	0.011671	0.49624	0.0071122	0.7161	0.0062085	0.88654	0.005819
 1024	    2	0.66	0	0.24421	0.0060569	0.49431	0.0075588	0.7161	0.0062085	0.88654	0.005819
 1024	    2	0.66	0.33	0.24321	0.0077346	0.48877	0.0072623	0.71658	0.0056189	0.88654	0.005819
 1024	    2	0.66	0.66	0.24344	0.0061988	0.49468	0.0070774	0.71558	0.0053732	0.88654	0.005819
 1024	    2	0.66	0.99	0.24514	0.0071249	0.49654	0.0060988	0.71782	0.0074548	0.88654	0.005819
 1024	    2	0.99	0	0.24396	0.006501	0.49527	0.007866	0.71637	0.0058587	0.88654	0.005819
 1024	    2	0.99	0.33	0.24292	0.0039905	0.49356	0.0080289	0.71559	0.0053888	0.88654	0.005819
 1024	    2	0.99	0.66	0.24315	0.0065902	0.49533	0.0078949	0.7161	0.0062085	0.88654	0.005819
 1024	    2	0.99	0.99	0.2447	0.0076802	0.49533	0.0078949	0.71604	0.0062721	0.88654	0.005819
 1024	    3	0	0	0.1345	0.019933	0.32661	0.03165	0.5619	0.043795	0.8049	0.019437
 1024	    3	0	0.33	0.13081	0.020345	0.29807	0.033667	0.49891	0.030271	0.77877	0.026187
 1024	    3	0	0.66	0.12932	0.035565	0.29382	0.040943	0.52952	0.029538	0.7848	0.033088
 1024	    3	0	0.99	0.11831	0.025157	0.29905	0.031228	0.52021	0.021006	0.78426	0.013431
 1024	    3	0.33	0	0.25059	0.022235	0.49562	0.0059459	0.71607	0.0062087	0.88665	0.005947
 1024	    3	0.33	0.33	0.23368	0.022347	0.50058	0.016323	0.71586	0.0053761	0.88629	0.0055393
 1024	    3	0.33	0.66	0.25157	0.017282	0.50375	0.015724	0.71672	0.0067468	0.88654	0.005819
 1024	    3	0.33	0.99	0.24648	0.018789	0.50861	0.014925	0.71604	0.0078115	0.88664	0.0059339
 1024	    3	0.66	0	0.25811	0.0099087	0.5054	0.0070588	0.71838	0.0070101	0.88651	0.0058729
 1024	    3	0.66	0.33	0.24836	0.013187	0.5043	0.014385	0.71613	0.0062618	0.88654	0.005819
 1024	    3	0.66	0.66	0.24724	0.012227	0.50065	0.014821	0.7157	0.0055471	0.88654	0.005819
 1024	    3	0.66	0.99	0.25725	0.015206	0.49728	0.003135	0.71697	0.0065131	0.88661	0.005895
 1024	    3	0.99	0	0.24341	0.0071444	0.49248	0.0080592	0.71834	0.005925	0.88654	0.005819
 1024	    3	0.99	0.33	0.24443	0.0044539	0.49344	0.0078354	0.71666	0.0066819	0.88654	0.005819
 1024	    3	0.99	0.66	0.24951	0.0093194	0.49791	0.014501	0.7158	0.0061546	0.88654	0.005819
 1024	    3	0.99	0.99	0.24442	0.0084631	0.49766	0.011408	0.71809	0.005268	0.88654	0.005819
 1024	    4	0	0	0.11525	0.018458	0.27398	0.022131	0.50519	0.042261	0.77771	0.026856
 1024	    4	0	0.33	0.13502	0.027478	0.2921	0.020134	0.51685	0.021482	0.77392	0.025587
 1024	    4	0	0.66	0.10605	0.030756	0.27383	0.052123	0.51169	0.039584	0.77713	0.035789
 1024	    4	0	0.99	0.1078	0.04511	0.27309	0.038689	0.52365	0.034945	0.77387	0.033884
 1024	    4	0.33	0	0.22876	0.020654	0.49718	0.015024	0.71671	0.0068851	0.88651	0.0058729
 1024	    4	0.33	0.33	0.238	0.021886	0.49121	0.015218	0.71569	0.0063021	0.88651	0.0057818
 1024	    4	0.33	0.66	0.23506	0.011612	0.49446	0.0079778	0.7138	0.0091868	0.88623	0.0063715
 1024	    4	0.33	0.99	0.23202	0.020646	0.49357	0.018865	0.71436	0.007858	0.8863	0.005559
 1024	    4	0.66	0	0.24447	0.018178	0.49279	0.0048512	0.71796	0.0057197	0.88654	0.005819
 1024	    4	0.66	0.33	0.24263	0.012512	0.50301	0.013957	0.71666	0.0059111	0.88711	0.00583
 1024	    4	0.66	0.66	0.24394	0.017592	0.49234	0.0083828	0.71596	0.0057466	0.88654	0.005819
 1024	    4	0.66	0.99	0.2621	0.011734	0.49794	0.0060612	0.71647	0.0063896	0.88654	0.005819
 1024	    4	0.99	0	0.25242	0.01741	0.4976	0.015684	0.71846	0.0062523	0.88654	0.005819
 1024	    4	0.99	0.33	0.25104	0.014158	0.49683	0.016335	0.71741	0.0062895	0.88654	0.005819
 1024	    4	0.99	0.66	0.25599	0.012528	0.51009	0.011498	0.71813	0.0054692	0.88654	0.005819
 1024	    4	0.99	0.99	0.24316	0.0091324	0.49846	0.017491	0.7156	0.0054044	0.88654	0.005819
 1024	    5	0	0	0.12911	0.021977	0.29881	0.033171	0.54993	0.031285	0.79577	0.037094
 1024	    5	0	0.33	0.091109	0.029261	0.27537	0.056987	0.51239	0.072215	0.77579	0.053647
 1024	    5	0	0.66	0.11353	0.023213	0.25997	0.03326	0.51185	0.029204	0.78559	0.030254
 1024	    5	0	0.99	0.10498	0.032813	0.2849	0.045165	0.5304	0.033701	0.80155	0.02685
 1024	    5	0.33	0	0.24737	0.010886	0.50348	0.015635	0.71506	0.0055827	0.88654	0.005819
 1024	    5	0.33	0.33	0.23922	0.0063208	0.50607	0.0069878	0.71659	0.0046077	0.88631	0.0055018
 1024	    5	0.33	0.66	0.23595	0.015559	0.49088	0.011621	0.71239	0.0032716	0.88661	0.0058423
 1024	    5	0.33	0.99	0.24808	0.010751	0.50495	0.013027	0.7161	0.0065144	0.88654	0.005819
 1024	    5	0.66	0	0.2373	0.022125	0.48217	0.023667	0.7136	0.0097529	0.88598	0.0052523
 1024	    5	0.66	0.33	0.23454	0.017018	0.49719	0.013189	0.71608	0.0055022	0.88654	0.005819
 1024	    5	0.66	0.66	0.24033	0.0081697	0.49048	0.0074512	0.71545	0.0051763	0.88654	0.005819
 1024	    5	0.66	0.99	0.26228	0.0073734	0.49559	0.0069143	0.71512	0.0091631	0.8867	0.0057363
 1024	    5	0.99	0	0.2446	0.0069013	0.50253	0.011017	0.71615	0.0062397	0.88654	0.005819
 1024	    5	0.99	0.33	0.24445	0.010809	0.49939	0.012853	0.71645	0.0057595	0.88654	0.005819
 1024	    5	0.99	0.66	0.24643	0.013946	0.49574	0.010233	0.71549	0.0047044	0.88654	0.005819
 1024	    5	0.99	0.99	0.26144	0.016362	0.50616	0.01414	0.71648	0.0057234	0.88654	0.005819
OptRank_u	OptRank_v	Optp6	Optp7
 1024	    5	0.99	0.99
